meeting_date,action,change_bp,target_lower_pct,target_upper_pct,source,source_url
2023-02-01,hike,25,4.50,4.75,Board of Governors of the Federal Reserve System,https://www.federalreserve.gov/newsevents/pressreleases/monetary20230201a.htm
2023-03-22,hike,25,4.75,5.00,Board of Governors of the Federal Reserve System,https://www.federalreserve.gov/newsevents/pressreleases/monetary20230322a.htm
2023-05-03,hike,25,5.00,5.25,Board of Governors of the Federal Reserve System,https://www.federalreserve.gov/newsevents/pressreleases/monetary20230503a.htm
2023-06-14,hold,0,5.00,5.25,Board of Governors of the Federal Reserve System,https://www.federalreserve.gov/newsevents/pressreleases/monetary20230614a.htm
2023-07-26,hike,25,5.25,5.50,Board of Governors of the Federal Reserve System,https://www.federalreserve.gov/newsevents/pressreleases/monetary20230726a.htm
2023-09-20,hold,0,5.25,5.50,Board of Governors of the Federal Reserve System,https://www.federalreserve.gov/newsevents/pressreleases/monetary20230920a.htm
2023-11-01,hold,0,5.25,5.50,Board of Governors of the Federal Reserve System,https://www.federalreserve.gov/newsevents/pressreleases/monetary20231101a.htm
2023-12-13,hold,0,5.25,5.50,Board of Governors of the Federal Reserve System,https://www.federalreserve.gov/newsevents/pressreleases/monetary20231213a.htm
2024-01-31,hold,0,5.25,5.50,Board of Governors of the Federal Reserve System,https://www.federalreserve.gov/newsevents/pressreleases/monetary20240131a.htm
2024-03-20,hold,0,5.25,5.50,Board of Governors of the Federal Reserve System,https://www.federalreserve.gov/newsevents/pressreleases/monetary20240320a.htm
2024-05-01,hold,0,5.25,5.50,Board of Governors of the Federal Reserve System,https://www.federalreserve.gov/newsevents/pressreleases/monetary20240501a.htm
2024-06-12,hold,0,5.25,5.50,Board of Governors of the Federal Reserve System,https://www.federalreserve.gov/newsevents/pressreleases/monetary20240612a.htm
2024-07-31,hold,0,5.25,5.50,Board of Governors of the Federal Reserve System,https://www.federalreserve.gov/newsevents/pressreleases/monetary20240731a.htm
2024-09-18,cut,-50,4.75,5.00,Board of Governors of the Federal Reserve System,https://www.federalreserve.gov/newsevents/pressreleases/monetary20240918a.htm
2024-11-07,cut,-25,4.50,4.75,Board of Governors of the Federal Reserve System,https://www.federalreserve.gov/newsevents/pressreleases/monetary20241107a.htm
2024-12-18,cut,-25,4.25,4.50,Board of Governors of the Federal Reserve System,https://www.federalreserve.gov/newsevents/pressreleases/monetary20241218a.htm
2025-01-29,hold,0,4.25,4.50,Board of Governors of the Federal Reserve System,https://www.federalreserve.gov/newsevents/pressreleases/monetary20250129a.htm
2025-03-19,hold,0,4.25,4.50,Board of Governors of the Federal Reserve System,https://www.federalreserve.gov/newsevents/pressreleases/monetary20250319a.htm
2025-05-07,hold,0,4.25,4.50,Board of Governors of the Federal Reserve System,https://www.federalreserve.gov/newsevents/pressreleases/monetary20250507a.htm
2025-06-18,hold,0,4.25,4.50,Board of Governors of the Federal Reserve System,https://www.federalreserve.gov/newsevents/pressreleases/monetary20250618a.htm
2025-07-30,hold,0,4.25,4.50,Board of Governors of the Federal Reserve System,https://www.federalreserve.gov/newsevents/pressreleases/monetary20250730a.htm
2025-09-17,cut,-25,4.00,4.25,Board of Governors of the Federal Reserve System,https://www.federalreserve.gov/newsevents/pressreleases/monetary20250917a.htm
2025-10-29,cut,-25,3.75,4.00,Board of Governors of the Federal Reserve System,https://www.federalreserve.gov/newsevents/pressreleases/monetary20251029a.htm
2025-12-10,cut,-25,3.50,3.75,Board of Governors of the Federal Reserve System,https://www.federalreserve.gov/newsevents/pressreleases/monetary20251210a.htm
2026-01-28,hold,0,3.50,3.75,Board of Governors of the Federal Reserve System,https://www.federalreserve.gov/newsevents/pressreleases/monetary20260128a.htm
2026-03-18,hold,0,3.50,3.75,Board of Governors of the Federal Reserve System,https://www.federalreserve.gov/newsevents/pressreleases/monetary20260318a.htm
2026-04-29,hold,0,3.50,3.75,Board of Governors of the Federal Reserve System,https://www.federalreserve.gov/newsevents/pressreleases/monetary20260429a.htm
2026-06-17,hold,0,3.50,3.75,Board of Governors of the Federal Reserve System,https://www.federalreserve.gov/newsevents/pressreleases/monetary20260617a.htm
2026-07-29,hold,0,3.50,3.75,Board of Governors of the Federal Reserve System,https://www.federalreserve.gov/newsevents/pressreleases/monetary20260729a.htm
