meeting_date,action,change_bp,target_lower_pct,target_upper_pct,source,source_url,base_date,base_adj_close,first_available_a_share_date,pre_15_target_date,pre_15_trade_date,pre_15_adj_close,return_pre15_to_event_pct,post_15_target_date,post_15_trade_date,post_15_adj_close,return_event_to_post15_pct,price_field,window_basis
2023-12-13,hold,0,5.25,5.50,Board of Governors of the Federal Reserve System,https://www.federalreserve.gov/newsevents/pressreleases/monetary20231213a.htm,2023-12-13,0.950000,2023-12-14,2023-11-28,2023-11-28,0.971000,-2.162719,2023-12-28,2023-12-28,0.987000,3.894737,adj_close,15_calendar_days_nearest_valid_a_share_session
2024-01-31,hold,0,5.25,5.50,Board of Governors of the Federal Reserve System,https://www.federalreserve.gov/newsevents/pressreleases/monetary20240131a.htm,2024-01-31,0.904000,2024-02-01,2024-01-16,2024-01-16,0.959000,-5.735141,2024-02-15,2024-02-19,0.945000,4.535398,adj_close,15_calendar_days_nearest_valid_a_share_session
2024-03-20,hold,0,5.25,5.50,Board of Governors of the Federal Reserve System,https://www.federalreserve.gov/newsevents/pressreleases/monetary20240320a.htm,2024-03-20,1.109000,2024-03-21,2024-03-05,2024-03-05,1.034000,7.253385,2024-04-04,2024-04-03,1.265000,14.066727,adj_close,15_calendar_days_nearest_valid_a_share_session
2024-05-01,hold,0,5.25,5.50,Board of Governors of the Federal Reserve System,https://www.federalreserve.gov/newsevents/pressreleases/monetary20240501a.htm,2024-04-30,1.231000,2024-05-06,2024-04-16,2024-04-16,1.241000,-0.805802,2024-05-16,2024-05-16,1.302000,5.767669,adj_close,15_calendar_days_nearest_valid_a_share_session
2024-06-12,hold,0,5.25,5.50,Board of Governors of the Federal Reserve System,https://www.federalreserve.gov/newsevents/pressreleases/monetary20240612a.htm,2024-06-12,1.230000,2024-06-13,2024-05-28,2024-05-28,1.291000,-4.725019,2024-06-27,2024-06-27,1.152000,-6.341463,adj_close,15_calendar_days_nearest_valid_a_share_session
2024-07-31,hold,0,5.25,5.50,Board of Governors of the Federal Reserve System,https://www.federalreserve.gov/newsevents/pressreleases/monetary20240731a.htm,2024-07-31,1.207000,2024-08-01,2024-07-16,2024-07-16,1.331000,-9.316304,2024-08-15,2024-08-15,1.145000,-5.136703,adj_close,15_calendar_days_nearest_valid_a_share_session
2024-09-18,cut,-50,4.75,5.00,Board of Governors of the Federal Reserve System,https://www.federalreserve.gov/newsevents/pressreleases/monetary20240918a.htm,2024-09-18,1.058000,2024-09-19,2024-09-03,2024-09-03,1.065000,-0.657277,2024-10-03,2024-09-30,1.270000,20.037807,adj_close,15_calendar_days_nearest_valid_a_share_session
2024-11-07,cut,-25,4.50,4.75,Board of Governors of the Federal Reserve System,https://www.federalreserve.gov/newsevents/pressreleases/monetary20241107a.htm,2024-11-07,1.194000,2024-11-08,2024-10-23,2024-10-23,1.260000,-5.238095,2024-11-22,2024-11-22,1.144000,-4.187605,adj_close,15_calendar_days_nearest_valid_a_share_session
2024-12-18,cut,-25,4.25,4.50,Board of Governors of the Federal Reserve System,https://www.federalreserve.gov/newsevents/pressreleases/monetary20241218a.htm,2024-12-18,1.107000,2024-12-19,2024-12-03,2024-12-03,1.132000,-2.208481,2025-01-02,2025-01-02,1.083000,-2.168022,adj_close,15_calendar_days_nearest_valid_a_share_session
2025-01-29,hold,0,4.25,4.50,Board of Governors of the Federal Reserve System,https://www.federalreserve.gov/newsevents/pressreleases/monetary20250129a.htm,2025-01-27,1.146000,2025-02-05,2025-01-14,2025-01-14,1.141000,0.438212,2025-02-13,2025-02-13,1.212000,5.759162,adj_close,15_calendar_days_nearest_valid_a_share_session
2025-03-19,hold,0,4.25,4.50,Board of Governors of the Federal Reserve System,https://www.federalreserve.gov/newsevents/pressreleases/monetary20250319a.htm,2025-03-19,1.338000,2025-03-20,2025-03-04,2025-03-04,1.163000,15.047291,2025-04-03,2025-04-03,1.290000,-3.587444,adj_close,15_calendar_days_nearest_valid_a_share_session
2025-05-07,hold,0,4.25,4.50,Board of Governors of the Federal Reserve System,https://www.federalreserve.gov/newsevents/pressreleases/monetary20250507a.htm,2025-05-07,1.398000,2025-05-08,2025-04-22,2025-04-22,1.478000,-5.412720,2025-05-22,2025-05-22,1.414000,1.144492,adj_close,15_calendar_days_nearest_valid_a_share_session
2025-06-18,hold,0,4.25,4.50,Board of Governors of the Federal Reserve System,https://www.federalreserve.gov/newsevents/pressreleases/monetary20250618a.htm,2025-06-18,1.492000,2025-06-19,2025-06-03,2025-06-03,1.437000,3.827418,2025-07-03,2025-07-03,1.507000,1.005362,adj_close,15_calendar_days_nearest_valid_a_share_session
2025-07-30,hold,0,4.25,4.50,Board of Governors of the Federal Reserve System,https://www.federalreserve.gov/newsevents/pressreleases/monetary20250730a.htm,2025-07-30,1.465000,2025-07-31,2025-07-15,2025-07-15,1.478000,-0.879567,2025-08-14,2025-08-14,1.539000,5.051195,adj_close,15_calendar_days_nearest_valid_a_share_session
2025-09-17,cut,-25,4.00,4.25,Board of Governors of the Federal Reserve System,https://www.federalreserve.gov/newsevents/pressreleases/monetary20250917a.htm,2025-09-17,1.843000,2025-09-18,2025-09-02,2025-09-02,1.777000,3.714125,2025-10-02,2025-09-30,1.991000,8.030385,adj_close,15_calendar_days_nearest_valid_a_share_session
2025-10-29,cut,-25,3.75,4.00,Board of Governors of the Federal Reserve System,https://www.federalreserve.gov/newsevents/pressreleases/monetary20251029a.htm,2025-10-29,1.970000,2025-10-30,2025-10-14,2025-10-14,2.082000,-5.379443,2025-11-13,2025-11-13,1.999000,1.472081,adj_close,15_calendar_days_nearest_valid_a_share_session
2025-12-10,cut,-25,3.50,3.75,Board of Governors of the Federal Reserve System,https://www.federalreserve.gov/newsevents/pressreleases/monetary20251210a.htm,2025-12-10,1.938000,2025-12-11,2025-11-25,2025-11-25,1.902000,1.892744,2025-12-25,2025-12-25,2.051000,5.830753,adj_close,15_calendar_days_nearest_valid_a_share_session
2026-01-28,hold,0,3.50,3.75,Board of Governors of the Federal Reserve System,https://www.federalreserve.gov/newsevents/pressreleases/monetary20260128a.htm,2026-01-28,3.095000,2026-01-29,2026-01-13,2026-01-13,2.284000,35.507881,2026-02-12,2026-02-12,2.569000,-16.995153,adj_close,15_calendar_days_nearest_valid_a_share_session
2026-03-18,hold,0,3.50,3.75,Board of Governors of the Federal Reserve System,https://www.federalreserve.gov/newsevents/pressreleases/monetary20260318a.htm,2026-03-18,2.372000,2026-03-19,2026-03-03,2026-03-03,2.724000,-12.922173,2026-04-02,2026-04-02,2.256000,-4.890388,adj_close,15_calendar_days_nearest_valid_a_share_session
2026-04-29,hold,0,3.50,3.75,Board of Governors of the Federal Reserve System,https://www.federalreserve.gov/newsevents/pressreleases/monetary20260429a.htm,2026-04-29,2.186000,2026-04-30,2026-04-14,2026-04-14,2.305000,-5.162690,2026-05-14,2026-05-14,2.153000,-1.509607,adj_close,15_calendar_days_nearest_valid_a_share_session
2026-06-17,hold,0,3.50,3.75,Board of Governors of the Federal Reserve System,https://www.federalreserve.gov/newsevents/pressreleases/monetary20260617a.htm,2026-06-17,1.891000,2026-06-18,2026-06-02,2026-06-02,1.940000,-2.525773,2026-07-02,2026-07-02,1.656000,-12.427287,adj_close,15_calendar_days_nearest_valid_a_share_session
2026-07-29,hold,0,3.50,3.75,Board of Governors of the Federal Reserve System,https://www.federalreserve.gov/newsevents/pressreleases/monetary20260729a.htm,2026-07-29,1.835000,2026-07-30,2026-07-14,2026-07-14,1.736000,5.702765,2026-08-13,2026-08-13,1.981000,7.956403,adj_close,15_calendar_days_nearest_valid_a_share_session
