code,name,exchange,date,raw_open,raw_high,raw_low,raw_close,adj_open,adj_high,adj_low,adj_close,adj_factor,volume,amount,source,source_timestamp,run_id
159611,电力ETF广发,SZSE,2022-01-28,0.966,0.971,0.872,0.883,0.966,0.971,0.872,0.883,1.0,1113979700.0,1039537566.0,腾讯日K/前复权日K,2026-09-19T10:42:50+08:00,20260926T093659
159611,电力ETF广发,SZSE,2022-02-28,0.891,0.957,0.89,0.941,0.891,0.957,0.89,0.941,1.0,1261648700.0,1163942575.0,腾讯日K/前复权日K,2026-09-19T10:42:50+08:00,20260926T093659
159611,电力ETF广发,SZSE,2022-03-31,0.944,0.963,0.816,0.853,0.944,0.963,0.816,0.853,1.0,2091126200.0,1868969623.0,腾讯日K/前复权日K,2026-09-19T10:42:50+08:00,20260926T093659
159611,电力ETF广发,SZSE,2022-04-29,0.84,0.865,0.761,0.821,0.84,0.865,0.761,0.821,1.0,1272612300.0,1044854528.0,腾讯日K/前复权日K,2026-09-19T10:42:50+08:00,20260926T093659
159611,电力ETF广发,SZSE,2022-05-31,0.82,0.88,0.797,0.878,0.82,0.88,0.797,0.878,1.0,1178143400.0,992538449.0,腾讯日K/前复权日K,2026-09-19T10:42:50+08:00,20260926T093659
159611,电力ETF广发,SZSE,2022-06-30,0.875,0.904,0.855,0.889,0.875,0.904,0.855,0.889,1.0,1504489600.0,1324553917.0,腾讯日K/前复权日K,2026-09-19T10:42:50+08:00,20260926T093659
159611,电力ETF广发,SZSE,2022-07-29,0.887,0.97,0.887,0.911,0.887,0.97,0.887,0.911,1.0,1942593300.0,1805558128.43,腾讯日K/前复权日K,2026-09-19T10:42:50+08:00,20260926T093659
159611,电力ETF广发,SZSE,2022-08-31,0.905,0.967,0.855,0.917,0.905,0.967,0.855,0.917,1.0,2499069600.0,2288886050.59,腾讯日K/前复权日K,2026-09-19T10:42:50+08:00,20260926T093659
159611,电力ETF广发,SZSE,2022-09-30,0.914,0.994,0.84,0.844,0.914,0.994,0.84,0.844,1.0,2320224100.0,2115072700.4759998,腾讯日K/前复权日K,2026-09-19T10:42:50+08:00,20260926T093659
159611,电力ETF广发,SZSE,2022-10-31,0.843,0.91,0.821,0.829,0.843,0.91,0.821,0.829,1.0,1915580700.0,1686019529.056,腾讯日K/前复权日K,2026-09-19T10:42:50+08:00,20260926T093659
159611,电力ETF广发,SZSE,2022-11-30,0.831,0.903,0.825,0.892,0.831,0.903,0.825,0.892,1.0,2323969900.0,2004979939.3140001,腾讯日K/前复权日K,2026-09-19T10:42:50+08:00,20260926T093659
159611,电力ETF广发,SZSE,2022-12-30,0.899,0.903,0.813,0.863,0.899,0.903,0.813,0.863,1.0,2059261800.0,1762316551.685,腾讯日K/前复权日K,2026-09-19T10:42:50+08:00,20260926T093659
159611,电力ETF广发,SZSE,2023-01-31,0.863,0.898,0.855,0.875,0.863,0.898,0.855,0.875,1.0,1897123800.0,1655227905.196,腾讯日K/前复权日K,2026-09-19T10:42:50+08:00,20260926T093659
159611,电力ETF广发,SZSE,2023-02-28,0.874,0.9,0.862,0.879,0.874,0.9,0.862,0.879,1.0,2677789600.0,2346871886.29,腾讯日K/前复权日K,2026-09-19T10:42:50+08:00,20260926T093659
159611,电力ETF广发,SZSE,2023-03-31,0.879,0.911,0.858,0.869,0.879,0.911,0.858,0.869,1.0,2634954600.0,2331952242.7530003,腾讯日K/前复权日K,2026-09-19T10:42:50+08:00,20260926T093659
159611,电力ETF广发,SZSE,2023-04-28,0.867,0.915,0.862,0.911,0.867,0.915,0.862,0.911,1.0,3805266900.0,3397999023.465,腾讯日K/前复权日K,2026-09-19T10:42:50+08:00,20260926T093659
159611,电力ETF广发,SZSE,2023-05-31,0.908,0.977,0.906,0.962,0.908,0.977,0.906,0.962,1.0,4188328200.0,3959532826.191,腾讯日K/前复权日K,2026-09-19T10:42:50+08:00,20260926T093659
159611,电力ETF广发,SZSE,2023-06-30,0.962,0.964,0.905,0.94,0.962,0.964,0.905,0.94,1.0,6003525400.0,5588102172.612,腾讯日K/前复权日K,2026-09-19T10:42:50+08:00,20260926T093659
159611,电力ETF广发,SZSE,2023-07-31,0.941,0.96,0.908,0.925,0.941,0.96,0.908,0.925,1.0,4051345600.0,3781044568.186,腾讯日K/前复权日K,2026-09-19T10:42:50+08:00,20260926T093659
159611,电力ETF广发,SZSE,2023-08-31,0.926,0.942,0.874,0.882,0.926,0.942,0.874,0.882,1.0,2482037900.0,2265073587.426,腾讯日K/前复权日K,2026-09-19T10:42:50+08:00,20260926T093659
159611,电力ETF广发,SZSE,2023-09-28,0.882,0.905,0.87,0.871,0.882,0.905,0.87,0.871,1.0,1757085500.0,1552432062.363,腾讯日K/前复权日K,2026-09-19T10:42:50+08:00,20260926T093659
159611,电力ETF广发,SZSE,2023-10-31,0.872,0.881,0.828,0.865,0.872,0.881,0.828,0.865,1.0,1206619000.0,1038782870.53,腾讯日K/前复权日K,2026-09-19T10:42:50+08:00,20260926T093659
159611,电力ETF广发,SZSE,2023-11-30,0.866,0.875,0.849,0.865,0.866,0.875,0.849,0.865,1.0,1631671700.0,1407624575.807,腾讯日K/前复权日K,2026-09-19T10:42:50+08:00,20260926T093659
159611,电力ETF广发,SZSE,2023-12-29,0.865,0.881,0.848,0.868,0.865,0.881,0.848,0.868,1.0,1414410400.0,1224447728.888,腾讯日K/前复权日K,2026-09-19T10:42:50+08:00,20260926T093659
159611,电力ETF广发,SZSE,2024-01-31,0.869,0.912,0.822,0.892,0.869,0.912,0.822,0.892,1.0,2028320900.0,1788925986.43,腾讯日K/前复权日K,2026-09-19T10:42:50+08:00,20260926T093659
159611,电力ETF广发,SZSE,2024-02-29,0.887,0.939,0.852,0.931,0.887,0.939,0.852,0.931,1.0,1439435900.0,1301793886.453,腾讯日K/前复权日K,2026-09-19T10:42:50+08:00,20260926T093659
159611,电力ETF广发,SZSE,2024-03-29,0.927,0.987,0.919,0.971,0.927,0.987,0.919,0.971,1.0,2312708900.0,2204546279.991,腾讯日K/前复权日K,2026-09-19T10:42:50+08:00,20260926T093659
159611,电力ETF广发,SZSE,2024-04-30,0.972,1.021,0.96,0.987,0.972,1.021,0.96,0.987,1.0,2816487800.0,2786565862.625,腾讯日K/前复权日K,2026-09-19T10:42:50+08:00,20260926T093659
159611,电力ETF广发,SZSE,2024-05-31,0.99,1.045,0.978,1.022,0.99,1.045,0.978,1.022,1.0,3830818500.0,3854923254.185,腾讯日K/前复权日K,2026-09-19T10:42:50+08:00,20260926T093659
159611,电力ETF广发,SZSE,2024-06-28,1.02,1.067,1.007,1.044,1.02,1.067,1.007,1.044,1.0,2644775200.0,2735957897.793,腾讯日K/前复权日K,2026-09-19T10:42:50+08:00,20260926T093659
159611,电力ETF广发,SZSE,2024-07-31,1.045,1.081,1.018,1.029,1.045,1.081,1.018,1.029,1.0,2628031200.0,2768452514.148,腾讯日K/前复权日K,2026-09-19T10:42:50+08:00,20260926T093659
159611,电力ETF广发,SZSE,2024-08-30,1.027,1.04,0.975,0.988,1.027,1.04,0.975,0.988,1.0,1774240900.0,1791674141.507,腾讯日K/前复权日K,2026-09-19T10:42:50+08:00,20260926T093659
159611,电力ETF广发,SZSE,2024-09-30,0.985,1.074,0.905,1.069,0.985,1.074,0.905,1.069,1.0,2107464500.0,2039335217.618,腾讯日K/前复权日K,2026-09-19T10:42:50+08:00,20260926T093659
159611,电力ETF广发,SZSE,2024-10-31,1.173,1.174,0.977,1.007,1.173,1.174,0.977,1.007,1.0,2895482600.0,2941501415.937,腾讯日K/前复权日K,2026-09-19T10:42:50+08:00,20260926T093659
159611,电力ETF广发,SZSE,2024-11-29,1.005,1.034,0.948,0.968,1.005,1.034,0.948,0.968,1.0,2351046700.0,2347974000.123,腾讯日K/前复权日K,2026-09-19T10:42:50+08:00,20260926T093659
159611,电力ETF广发,SZSE,2024-12-31,0.969,1.022,0.967,0.991,0.969,1.022,0.967,0.991,1.0,2335931800.0,2337033494.862,腾讯日K/前复权日K,2026-09-19T10:42:50+08:00,20260926T093659
159611,电力ETF广发,SZSE,2025-01-27,0.989,0.992,0.907,0.938,0.989,0.992,0.907,0.938,1.0,1852632800.0,1734503285.679,腾讯日K/前复权日K,2026-09-19T10:42:50+08:00,20260926T093659
159611,电力ETF广发,SZSE,2025-02-28,0.937,0.955,0.924,0.926,0.937,0.955,0.924,0.926,1.0,3570923900.0,3344984003.897,腾讯日K/前复权日K,2026-09-19T10:42:50+08:00,20260926T093659
159611,电力ETF广发,SZSE,2025-03-31,0.929,0.964,0.914,0.946,0.929,0.964,0.914,0.946,1.0,4759508800.0,4468978525.795,腾讯日K/前复权日K,2026-09-19T10:42:50+08:00,20260926T093659
159611,电力ETF广发,SZSE,2025-04-30,0.946,0.985,0.89,0.957,0.946,0.985,0.89,0.957,1.0,4996201600.0,4750517784.755,腾讯日K/前复权日K,2026-09-19T10:42:50+08:00,20260926T093659
159611,电力ETF广发,SZSE,2025-05-30,0.957,0.997,0.952,0.975,0.957,0.997,0.952,0.975,1.0,3351736600.0,3265531515.67,腾讯日K/前复权日K,2026-09-19T10:42:50+08:00,20260926T093659
159611,电力ETF广发,SZSE,2025-06-30,0.973,0.984,0.958,0.971,0.973,0.984,0.958,0.971,1.0,3189630700.0,3092750205.325,腾讯日K/前复权日K,2026-09-19T10:42:50+08:00,20260926T093659
159611,电力ETF广发,SZSE,2025-07-31,0.971,1.027,0.969,0.984,0.971,1.027,0.969,0.984,1.0,5459062300.0,5451949608.308,腾讯日K/前复权日K,2026-09-19T10:42:50+08:00,20260926T093659
159611,电力ETF广发,SZSE,2025-08-29,0.983,1.03,0.979,1.004,0.983,1.03,0.979,1.004,1.0,4154871600.0,4156259522.8519998,腾讯日K/前复权日K,2026-09-19T10:42:50+08:00,20260926T093659
159611,电力ETF广发,SZSE,2025-09-30,1.004,1.037,0.991,1.009,1.004,1.037,0.991,1.009,1.0,3722607800.0,3771131382.2869997,腾讯日K/前复权日K,2026-09-19T10:42:50+08:00,20260926T093659
159611,电力ETF广发,SZSE,2025-10-31,1.011,1.089,1.011,1.064,1.011,1.089,1.011,1.064,1.0,3937101200.0,4140057334.9449997,腾讯日K/前复权日K,2026-09-19T10:42:50+08:00,20260926T093659
159611,电力ETF广发,SZSE,2025-11-28,1.064,1.099,1.013,1.028,1.064,1.099,1.013,1.028,1.0,4100690200.0,4346219089.95,腾讯日K/前复权日K,2026-09-19T10:42:50+08:00,20260926T093659
159611,电力ETF广发,SZSE,2025-12-31,1.028,1.04,0.999,1.001,1.028,1.04,0.999,1.001,1.0,3166726900.0,3245851356.215,腾讯日K/前复权日K,2026-09-19T10:42:50+08:00,20260926T093659
159611,电力ETF广发,SZSE,2026-01-30,1.001,1.055,0.999,1.028,1.001,1.055,0.999,1.028,1.0,5073435000.0,5241853573.971,腾讯日K/前复权日K,2026-09-19T10:42:50+08:00,20260926T093659
159611,电力ETF广发,SZSE,2026-02-27,1.024,1.097,1.012,1.092,1.024,1.097,1.012,1.092,1.0,2710882900.0,2828260270.206,腾讯日K/前复权日K,2026-09-19T10:42:50+08:00,20260926T093659
159611,电力ETF广发,SZSE,2026-03-31,1.093,1.21,1.075,1.103,1.093,1.21,1.075,1.103,1.0,13118905400.0,15105380625.518,腾讯日K/前复权日K,2026-09-19T10:42:50+08:00,20260926T093659
159611,电力ETF广发,SZSE,2026-04-30,1.109,1.145,1.059,1.108,1.109,1.145,1.059,1.108,1.0,8441027200.0,9275250729.088,腾讯日K/前复权日K,2026-09-19T10:42:50+08:00,20260926T093659
159611,电力ETF广发,SZSE,2026-05-29,1.111,1.246,1.111,1.241,1.111,1.246,1.111,1.241,1.0,10808134200.0,12723685529.78,腾讯日K/前复权日K,2026-09-19T10:42:50+08:00,20260926T093659
159611,电力ETF广发,SZSE,2026-06-30,1.254,1.263,1.013,1.032,1.254,1.263,1.013,1.032,1.0,16135820300.0,18557658309.767,腾讯日K/前复权日K,2026-09-19T10:42:50+08:00,20260926T093659
159611,电力ETF广发,SZSE,2026-07-31,1.03,1.111,0.996,1.072,1.03,1.111,0.996,1.072,1.0,15201066800.0,15971926006.991,腾讯日K/前复权日K,2026-09-19T10:42:50+08:00,20260926T093659
159611,电力ETF广发,SZSE,2026-08-31,1.073,1.09,1.02,1.035,1.073,1.09,1.02,1.035,1.0,8915008100.0,9377991826.458,腾讯日K/前复权日K,2026-09-19T10:42:50+08:00,20260926T093659
159611,电力ETF广发,SZSE,2026-09-24,1.035,1.068,1.02,1.024,1.035,1.068,1.02,1.024,1.0,5853335000.0,6114990214.398,腾讯日K/前复权日K,2026-09-26T09:36:59+08:00,20260926T093659
