code,name,date,unit_nav,cum_nav,daily_growth_pct,purchase_status,redeem_status,source,source_timestamp,run_id
021528,财通成长优选混合C,2024-05-28,1.0000,1.0000,,开放申购,开放赎回,天天基金lsjz,2026-09-26T01:37:23Z,20260926T013723Z
021528,财通成长优选混合C,2024-05-29,0.9910,0.9910,-0.90,开放申购,开放赎回,天天基金lsjz,2026-09-26T01:37:23Z,20260926T013723Z
021528,财通成长优选混合C,2024-05-30,0.9840,0.9840,-0.71,开放申购,开放赎回,天天基金lsjz,2026-09-26T01:37:23Z,20260926T013723Z
021528,财通成长优选混合C,2024-05-31,0.9750,0.9750,-0.91,开放申购,开放赎回,天天基金lsjz,2026-09-26T01:37:23Z,20260926T013723Z
021528,财通成长优选混合C,2024-06-03,1.0020,1.0020,2.77,开放申购,开放赎回,天天基金lsjz,2026-09-26T01:37:23Z,20260926T013723Z
021528,财通成长优选混合C,2024-06-04,1.0110,1.0110,0.90,开放申购,开放赎回,天天基金lsjz,2026-09-26T01:37:23Z,20260926T013723Z
021528,财通成长优选混合C,2024-06-05,0.9880,0.9880,-2.27,开放申购,开放赎回,天天基金lsjz,2026-09-26T01:37:23Z,20260926T013723Z
021528,财通成长优选混合C,2024-06-06,0.9930,0.9930,0.51,开放申购,开放赎回,天天基金lsjz,2026-09-26T01:37:23Z,20260926T013723Z
021528,财通成长优选混合C,2024-06-07,0.9720,0.9720,-2.11,开放申购,开放赎回,天天基金lsjz,2026-09-26T01:37:23Z,20260926T013723Z
021528,财通成长优选混合C,2024-06-11,0.9800,0.9800,0.82,开放申购,开放赎回,天天基金lsjz,2026-09-26T01:37:23Z,20260926T013723Z
021528,财通成长优选混合C,2024-06-12,0.9820,0.9820,0.20,开放申购,开放赎回,天天基金lsjz,2026-09-26T01:37:23Z,20260926T013723Z
021528,财通成长优选混合C,2024-06-13,1.0000,1.0000,1.83,开放申购,开放赎回,天天基金lsjz,2026-09-26T01:37:23Z,20260926T013723Z
021528,财通成长优选混合C,2024-06-14,1.0380,1.0380,3.80,开放申购,开放赎回,天天基金lsjz,2026-09-26T01:37:23Z,20260926T013723Z
021528,财通成长优选混合C,2024-06-17,1.0540,1.0540,1.54,开放申购,开放赎回,天天基金lsjz,2026-09-26T01:37:23Z,20260926T013723Z
021528,财通成长优选混合C,2024-06-18,1.0750,1.0750,1.99,开放申购,开放赎回,天天基金lsjz,2026-09-26T01:37:23Z,20260926T013723Z
021528,财通成长优选混合C,2024-06-19,1.0620,1.0620,-1.21,开放申购,开放赎回,天天基金lsjz,2026-09-26T01:37:23Z,20260926T013723Z
021528,财通成长优选混合C,2024-06-20,1.0550,1.0550,-0.66,开放申购,开放赎回,天天基金lsjz,2026-09-26T01:37:23Z,20260926T013723Z
021528,财通成长优选混合C,2024-06-21,1.0590,1.0590,0.38,开放申购,开放赎回,天天基金lsjz,2026-09-26T01:37:23Z,20260926T013723Z
021528,财通成长优选混合C,2024-06-24,1.0320,1.0320,-2.55,开放申购,开放赎回,天天基金lsjz,2026-09-26T01:37:23Z,20260926T013723Z
021528,财通成长优选混合C,2024-06-25,1.0030,1.0030,-2.81,开放申购,开放赎回,天天基金lsjz,2026-09-26T01:37:23Z,20260926T013723Z
021528,财通成长优选混合C,2024-06-26,1.0080,1.0080,0.50,开放申购,开放赎回,天天基金lsjz,2026-09-26T01:37:23Z,20260926T013723Z
021528,财通成长优选混合C,2024-06-27,0.9840,0.9840,-2.38,开放申购,开放赎回,天天基金lsjz,2026-09-26T01:37:23Z,20260926T013723Z
021528,财通成长优选混合C,2024-06-28,0.9990,0.9990,1.52,开放申购,开放赎回,天天基金lsjz,2026-09-26T01:37:23Z,20260926T013723Z
021528,财通成长优选混合C,2024-06-30,0.9980,0.9980,-0.10,开放申购,开放赎回,天天基金lsjz,2026-09-26T01:37:23Z,20260926T013723Z
021528,财通成长优选混合C,2024-07-01,1.0130,1.0130,1.50,开放申购,开放赎回,天天基金lsjz,2026-09-26T01:37:23Z,20260926T013723Z
021528,财通成长优选混合C,2024-07-02,0.9990,0.9990,-1.38,开放申购,开放赎回,天天基金lsjz,2026-09-26T01:37:23Z,20260926T013723Z
021528,财通成长优选混合C,2024-07-03,0.9790,0.9790,-2.00,开放申购,开放赎回,天天基金lsjz,2026-09-26T01:37:23Z,20260926T013723Z
021528,财通成长优选混合C,2024-07-04,0.9850,0.9850,0.61,开放申购,开放赎回,天天基金lsjz,2026-09-26T01:37:23Z,20260926T013723Z
021528,财通成长优选混合C,2024-07-05,0.9910,0.9910,0.61,开放申购,开放赎回,天天基金lsjz,2026-09-26T01:37:23Z,20260926T013723Z
021528,财通成长优选混合C,2024-07-08,0.9890,0.9890,-0.20,开放申购,开放赎回,天天基金lsjz,2026-09-26T01:37:23Z,20260926T013723Z
021528,财通成长优选混合C,2024-07-09,1.0170,1.0170,2.83,开放申购,开放赎回,天天基金lsjz,2026-09-26T01:37:23Z,20260926T013723Z
021528,财通成长优选混合C,2024-07-10,1.0150,1.0150,-0.20,开放申购,开放赎回,天天基金lsjz,2026-09-26T01:37:23Z,20260926T013723Z
021528,财通成长优选混合C,2024-07-11,1.0080,1.0080,-0.69,开放申购,开放赎回,天天基金lsjz,2026-09-26T01:37:23Z,20260926T013723Z
021528,财通成长优选混合C,2024-07-12,1.0010,1.0010,-0.69,开放申购,开放赎回,天天基金lsjz,2026-09-26T01:37:23Z,20260926T013723Z
021528,财通成长优选混合C,2024-07-15,0.9870,0.9870,-1.40,开放申购,开放赎回,天天基金lsjz,2026-09-26T01:37:23Z,20260926T013723Z
021528,财通成长优选混合C,2024-07-16,0.9950,0.9950,0.81,开放申购,开放赎回,天天基金lsjz,2026-09-26T01:37:23Z,20260926T013723Z
021528,财通成长优选混合C,2024-07-17,0.9560,0.9560,-3.92,开放申购,开放赎回,天天基金lsjz,2026-09-26T01:37:23Z,20260926T013723Z
021528,财通成长优选混合C,2024-07-18,0.9530,0.9530,-0.31,开放申购,开放赎回,天天基金lsjz,2026-09-26T01:37:23Z,20260926T013723Z
021528,财通成长优选混合C,2024-07-19,0.9430,0.9430,-1.05,开放申购,开放赎回,天天基金lsjz,2026-09-26T01:37:23Z,20260926T013723Z
021528,财通成长优选混合C,2024-07-22,0.9510,0.9510,0.85,开放申购,开放赎回,天天基金lsjz,2026-09-26T01:37:23Z,20260926T013723Z
021528,财通成长优选混合C,2024-07-23,0.9290,0.9290,-2.31,开放申购,开放赎回,天天基金lsjz,2026-09-26T01:37:23Z,20260926T013723Z
021528,财通成长优选混合C,2024-07-24,0.9240,0.9240,-0.54,开放申购,开放赎回,天天基金lsjz,2026-09-26T01:37:23Z,20260926T013723Z
021528,财通成长优选混合C,2024-07-25,0.8970,0.8970,-2.92,开放申购,开放赎回,天天基金lsjz,2026-09-26T01:37:23Z,20260926T013723Z
021528,财通成长优选混合C,2024-07-26,0.9080,0.9080,1.23,开放申购,开放赎回,天天基金lsjz,2026-09-26T01:37:23Z,20260926T013723Z
021528,财通成长优选混合C,2024-07-29,0.9140,0.9140,0.66,开放申购,开放赎回,天天基金lsjz,2026-09-26T01:37:23Z,20260926T013723Z
021528,财通成长优选混合C,2024-07-30,0.9010,0.9010,-1.42,开放申购,开放赎回,天天基金lsjz,2026-09-26T01:37:23Z,20260926T013723Z
021528,财通成长优选混合C,2024-07-31,0.9150,0.9150,1.55,开放申购,开放赎回,天天基金lsjz,2026-09-26T01:37:23Z,20260926T013723Z
021528,财通成长优选混合C,2024-08-01,0.9210,0.9210,0.66,开放申购,开放赎回,天天基金lsjz,2026-09-26T01:37:23Z,20260926T013723Z
021528,财通成长优选混合C,2024-08-02,0.8750,0.8750,-4.99,开放申购,开放赎回,天天基金lsjz,2026-09-26T01:37:23Z,20260926T013723Z
021528,财通成长优选混合C,2024-08-05,0.8250,0.8250,-5.71,开放申购,开放赎回,天天基金lsjz,2026-09-26T01:37:23Z,20260926T013723Z
021528,财通成长优选混合C,2024-08-06,0.8430,0.8430,2.18,开放申购,开放赎回,天天基金lsjz,2026-09-26T01:37:23Z,20260926T013723Z
021528,财通成长优选混合C,2024-08-07,0.8420,0.8420,-0.12,开放申购,开放赎回,天天基金lsjz,2026-09-26T01:37:23Z,20260926T013723Z
021528,财通成长优选混合C,2024-08-08,0.8340,0.8340,-0.95,开放申购,开放赎回,天天基金lsjz,2026-09-26T01:37:23Z,20260926T013723Z
021528,财通成长优选混合C,2024-08-09,0.8520,0.8520,2.16,开放申购,开放赎回,天天基金lsjz,2026-09-26T01:37:23Z,20260926T013723Z
021528,财通成长优选混合C,2024-08-12,0.8480,0.8480,-0.47,开放申购,开放赎回,天天基金lsjz,2026-09-26T01:37:23Z,20260926T013723Z
021528,财通成长优选混合C,2024-08-13,0.8590,0.8590,1.30,开放申购,开放赎回,天天基金lsjz,2026-09-26T01:37:23Z,20260926T013723Z
021528,财通成长优选混合C,2024-08-14,0.8450,0.8450,-1.63,开放申购,开放赎回,天天基金lsjz,2026-09-26T01:37:23Z,20260926T013723Z
021528,财通成长优选混合C,2024-08-15,0.8410,0.8410,-0.47,开放申购,开放赎回,天天基金lsjz,2026-09-26T01:37:23Z,20260926T013723Z
021528,财通成长优选混合C,2024-08-16,0.8510,0.8510,1.19,开放申购,开放赎回,天天基金lsjz,2026-09-26T01:37:23Z,20260926T013723Z
021528,财通成长优选混合C,2024-08-19,0.8510,0.8510,0.00,开放申购,开放赎回,天天基金lsjz,2026-09-26T01:37:23Z,20260926T013723Z
021528,财通成长优选混合C,2024-08-20,0.8440,0.8440,-0.82,开放申购,开放赎回,天天基金lsjz,2026-09-26T01:37:23Z,20260926T013723Z
021528,财通成长优选混合C,2024-08-21,0.8480,0.8480,0.47,开放申购,开放赎回,天天基金lsjz,2026-09-26T01:37:23Z,20260926T013723Z
021528,财通成长优选混合C,2024-08-22,0.8440,0.8440,-0.47,开放申购,开放赎回,天天基金lsjz,2026-09-26T01:37:23Z,20260926T013723Z
021528,财通成长优选混合C,2024-08-23,0.8320,0.8320,-1.42,开放申购,开放赎回,天天基金lsjz,2026-09-26T01:37:23Z,20260926T013723Z
021528,财通成长优选混合C,2024-08-26,0.8230,0.8230,-1.08,开放申购,开放赎回,天天基金lsjz,2026-09-26T01:37:23Z,20260926T013723Z
021528,财通成长优选混合C,2024-08-27,0.8100,0.8100,-1.58,开放申购,开放赎回,天天基金lsjz,2026-09-26T01:37:23Z,20260926T013723Z
021528,财通成长优选混合C,2024-08-28,0.8150,0.8150,0.62,开放申购,开放赎回,天天基金lsjz,2026-09-26T01:37:23Z,20260926T013723Z
021528,财通成长优选混合C,2024-08-29,0.8060,0.8060,-1.10,开放申购,开放赎回,天天基金lsjz,2026-09-26T01:37:23Z,20260926T013723Z
021528,财通成长优选混合C,2024-08-30,0.8270,0.8270,2.61,开放申购,开放赎回,天天基金lsjz,2026-09-26T01:37:23Z,20260926T013723Z
021528,财通成长优选混合C,2024-09-02,0.7980,0.7980,-3.51,开放申购,开放赎回,天天基金lsjz,2026-09-26T01:37:23Z,20260926T013723Z
021528,财通成长优选混合C,2024-09-03,0.8060,0.8060,1.00,开放申购,开放赎回,天天基金lsjz,2026-09-26T01:37:23Z,20260926T013723Z
021528,财通成长优选混合C,2024-09-04,0.7960,0.7960,-1.24,开放申购,开放赎回,天天基金lsjz,2026-09-26T01:37:23Z,20260926T013723Z
021528,财通成长优选混合C,2024-09-05,0.7980,0.7980,0.25,开放申购,开放赎回,天天基金lsjz,2026-09-26T01:37:23Z,20260926T013723Z
021528,财通成长优选混合C,2024-09-06,0.7730,0.7730,-3.13,开放申购,开放赎回,天天基金lsjz,2026-09-26T01:37:23Z,20260926T013723Z
021528,财通成长优选混合C,2024-09-09,0.7680,0.7680,-0.65,开放申购,开放赎回,天天基金lsjz,2026-09-26T01:37:23Z,20260926T013723Z
021528,财通成长优选混合C,2024-09-10,0.7780,0.7780,1.30,开放申购,开放赎回,天天基金lsjz,2026-09-26T01:37:23Z,20260926T013723Z
021528,财通成长优选混合C,2024-09-11,0.7850,0.7850,0.90,开放申购,开放赎回,天天基金lsjz,2026-09-26T01:37:23Z,20260926T013723Z
021528,财通成长优选混合C,2024-09-12,0.7890,0.7890,0.51,开放申购,开放赎回,天天基金lsjz,2026-09-26T01:37:23Z,20260926T013723Z
021528,财通成长优选混合C,2024-09-13,0.8050,0.8050,2.03,开放申购,开放赎回,天天基金lsjz,2026-09-26T01:37:23Z,20260926T013723Z
021528,财通成长优选混合C,2024-09-18,0.7960,0.7960,-1.12,开放申购,开放赎回,天天基金lsjz,2026-09-26T01:37:23Z,20260926T013723Z
021528,财通成长优选混合C,2024-09-19,0.7890,0.7890,-0.88,开放申购,开放赎回,天天基金lsjz,2026-09-26T01:37:23Z,20260926T013723Z
021528,财通成长优选混合C,2024-09-20,0.7790,0.7790,-1.27,开放申购,开放赎回,天天基金lsjz,2026-09-26T01:37:23Z,20260926T013723Z
021528,财通成长优选混合C,2024-09-23,0.7710,0.7710,-1.03,开放申购,开放赎回,天天基金lsjz,2026-09-26T01:37:23Z,20260926T013723Z
021528,财通成长优选混合C,2024-09-24,0.8260,0.8260,7.13,开放申购,开放赎回,天天基金lsjz,2026-09-26T01:37:23Z,20260926T013723Z
021528,财通成长优选混合C,2024-09-25,0.8260,0.8260,0.00,开放申购,开放赎回,天天基金lsjz,2026-09-26T01:37:23Z,20260926T013723Z
021528,财通成长优选混合C,2024-09-26,0.8480,0.8480,2.66,开放申购,开放赎回,天天基金lsjz,2026-09-26T01:37:23Z,20260926T013723Z
021528,财通成长优选混合C,2024-09-27,0.8930,0.8930,5.31,开放申购,开放赎回,天天基金lsjz,2026-09-26T01:37:23Z,20260926T013723Z
021528,财通成长优选混合C,2024-09-30,0.9930,0.9930,11.20,开放申购,开放赎回,天天基金lsjz,2026-09-26T01:37:23Z,20260926T013723Z
021528,财通成长优选混合C,2024-10-08,1.1220,1.1220,12.99,开放申购,开放赎回,天天基金lsjz,2026-09-26T01:37:23Z,20260926T013723Z
021528,财通成长优选混合C,2024-10-09,1.0520,1.0520,-6.24,开放申购,开放赎回,天天基金lsjz,2026-09-26T01:37:23Z,20260926T013723Z
021528,财通成长优选混合C,2024-10-10,1.0210,1.0210,-2.95,开放申购,开放赎回,天天基金lsjz,2026-09-26T01:37:23Z,20260926T013723Z
021528,财通成长优选混合C,2024-10-11,0.9950,0.9950,-2.55,开放申购,开放赎回,天天基金lsjz,2026-09-26T01:37:23Z,20260926T013723Z
021528,财通成长优选混合C,2024-10-14,1.0520,1.0520,5.73,开放申购,开放赎回,天天基金lsjz,2026-09-26T01:37:23Z,20260926T013723Z
021528,财通成长优选混合C,2024-10-15,1.0260,1.0260,-2.47,开放申购,开放赎回,天天基金lsjz,2026-09-26T01:37:23Z,20260926T013723Z
021528,财通成长优选混合C,2024-10-16,0.9970,0.9970,-2.83,开放申购,开放赎回,天天基金lsjz,2026-09-26T01:37:23Z,20260926T013723Z
021528,财通成长优选混合C,2024-10-17,1.0170,1.0170,2.01,开放申购,开放赎回,天天基金lsjz,2026-09-26T01:37:23Z,20260926T013723Z
021528,财通成长优选混合C,2024-10-18,1.1220,1.1220,10.32,开放申购,开放赎回,天天基金lsjz,2026-09-26T01:37:23Z,20260926T013723Z
021528,财通成长优选混合C,2024-10-21,1.1430,1.1430,1.87,开放申购,开放赎回,天天基金lsjz,2026-09-26T01:37:23Z,20260926T013723Z
021528,财通成长优选混合C,2024-10-22,1.1300,1.1300,-1.14,开放申购,开放赎回,天天基金lsjz,2026-09-26T01:37:23Z,20260926T013723Z
021528,财通成长优选混合C,2024-10-23,1.1020,1.1020,-2.48,开放申购,开放赎回,天天基金lsjz,2026-09-26T01:37:23Z,20260926T013723Z
021528,财通成长优选混合C,2024-10-24,1.1150,1.1150,1.18,开放申购,开放赎回,天天基金lsjz,2026-09-26T01:37:23Z,20260926T013723Z
021528,财通成长优选混合C,2024-10-25,1.1310,1.1310,1.43,开放申购,开放赎回,天天基金lsjz,2026-09-26T01:37:23Z,20260926T013723Z
021528,财通成长优选混合C,2024-10-28,1.1200,1.1200,-0.97,开放申购,开放赎回,天天基金lsjz,2026-09-26T01:37:23Z,20260926T013723Z
021528,财通成长优选混合C,2024-10-29,1.1320,1.1320,1.07,开放申购,开放赎回,天天基金lsjz,2026-09-26T01:37:23Z,20260926T013723Z
021528,财通成长优选混合C,2024-10-30,1.1410,1.1410,0.80,开放申购,开放赎回,天天基金lsjz,2026-09-26T01:37:23Z,20260926T013723Z
021528,财通成长优选混合C,2024-10-31,1.1450,1.1450,0.35,开放申购,开放赎回,天天基金lsjz,2026-09-26T01:37:23Z,20260926T013723Z
021528,财通成长优选混合C,2024-11-01,1.1330,1.1330,-1.05,开放申购,开放赎回,天天基金lsjz,2026-09-26T01:37:23Z,20260926T013723Z
021528,财通成长优选混合C,2024-11-04,1.1720,1.1720,3.44,开放申购,开放赎回,天天基金lsjz,2026-09-26T01:37:23Z,20260926T013723Z
021528,财通成长优选混合C,2024-11-05,1.2090,1.2090,3.16,开放申购,开放赎回,天天基金lsjz,2026-09-26T01:37:23Z,20260926T013723Z
021528,财通成长优选混合C,2024-11-06,1.1900,1.1900,-1.57,开放申购,开放赎回,天天基金lsjz,2026-09-26T01:37:23Z,20260926T013723Z
021528,财通成长优选混合C,2024-11-07,1.2230,1.2230,2.77,开放申购,开放赎回,天天基金lsjz,2026-09-26T01:37:23Z,20260926T013723Z
021528,财通成长优选混合C,2024-11-08,1.2150,1.2150,-0.65,开放申购,开放赎回,天天基金lsjz,2026-09-26T01:37:23Z,20260926T013723Z
021528,财通成长优选混合C,2024-11-11,1.2280,1.2280,1.07,开放申购,开放赎回,天天基金lsjz,2026-09-26T01:37:23Z,20260926T013723Z
021528,财通成长优选混合C,2024-11-12,1.2130,1.2130,-1.22,开放申购,开放赎回,天天基金lsjz,2026-09-26T01:37:23Z,20260926T013723Z
021528,财通成长优选混合C,2024-11-13,1.2410,1.2410,2.31,开放申购,开放赎回,天天基金lsjz,2026-09-26T01:37:23Z,20260926T013723Z
021528,财通成长优选混合C,2024-11-14,1.1890,1.1890,-4.19,开放申购,开放赎回,天天基金lsjz,2026-09-26T01:37:23Z,20260926T013723Z
021528,财通成长优选混合C,2024-11-15,1.1380,1.1380,-4.29,开放申购,开放赎回,天天基金lsjz,2026-09-26T01:37:23Z,20260926T013723Z
021528,财通成长优选混合C,2024-11-18,1.1230,1.1230,-1.32,开放申购,开放赎回,天天基金lsjz,2026-09-26T01:37:23Z,20260926T013723Z
021528,财通成长优选混合C,2024-11-19,1.1470,1.1470,2.14,开放申购,开放赎回,天天基金lsjz,2026-09-26T01:37:23Z,20260926T013723Z
021528,财通成长优选混合C,2024-11-20,1.1560,1.1560,0.78,开放申购,开放赎回,天天基金lsjz,2026-09-26T01:37:23Z,20260926T013723Z
021528,财通成长优选混合C,2024-11-21,1.1500,1.1500,-0.52,开放申购,开放赎回,天天基金lsjz,2026-09-26T01:37:23Z,20260926T013723Z
021528,财通成长优选混合C,2024-11-22,1.1030,1.1030,-4.09,开放申购,开放赎回,天天基金lsjz,2026-09-26T01:37:23Z,20260926T013723Z
021528,财通成长优选混合C,2024-11-25,1.0780,1.0780,-2.27,开放申购,开放赎回,天天基金lsjz,2026-09-26T01:37:23Z,20260926T013723Z
021528,财通成长优选混合C,2024-11-26,1.0880,1.0880,0.93,开放申购,开放赎回,天天基金lsjz,2026-09-26T01:37:23Z,20260926T013723Z
021528,财通成长优选混合C,2024-11-27,1.1270,1.1270,3.58,开放申购,开放赎回,天天基金lsjz,2026-09-26T01:37:23Z,20260926T013723Z
021528,财通成长优选混合C,2024-11-28,1.1110,1.1110,-1.42,开放申购,开放赎回,天天基金lsjz,2026-09-26T01:37:23Z,20260926T013723Z
021528,财通成长优选混合C,2024-11-29,1.1450,1.1450,3.06,开放申购,开放赎回,天天基金lsjz,2026-09-26T01:37:23Z,20260926T013723Z
021528,财通成长优选混合C,2024-12-02,1.1820,1.1820,3.23,开放申购,开放赎回,天天基金lsjz,2026-09-26T01:37:23Z,20260926T013723Z
021528,财通成长优选混合C,2024-12-03,1.1690,1.1690,-1.10,开放申购,开放赎回,天天基金lsjz,2026-09-26T01:37:23Z,20260926T013723Z
021528,财通成长优选混合C,2024-12-04,1.1560,1.1560,-1.11,开放申购,开放赎回,天天基金lsjz,2026-09-26T01:37:23Z,20260926T013723Z
021528,财通成长优选混合C,2024-12-05,1.1730,1.1730,1.47,开放申购,开放赎回,天天基金lsjz,2026-09-26T01:37:23Z,20260926T013723Z
021528,财通成长优选混合C,2024-12-06,1.1790,1.1790,0.51,开放申购,开放赎回,天天基金lsjz,2026-09-26T01:37:23Z,20260926T013723Z
021528,财通成长优选混合C,2024-12-09,1.1500,1.1500,-2.46,开放申购,开放赎回,天天基金lsjz,2026-09-26T01:37:23Z,20260926T013723Z
021528,财通成长优选混合C,2024-12-10,1.1510,1.1510,0.09,开放申购,开放赎回,天天基金lsjz,2026-09-26T01:37:23Z,20260926T013723Z
021528,财通成长优选混合C,2024-12-11,1.1680,1.1680,1.48,开放申购,开放赎回,天天基金lsjz,2026-09-26T01:37:23Z,20260926T013723Z
021528,财通成长优选混合C,2024-12-12,1.1980,1.1980,2.57,开放申购,开放赎回,天天基金lsjz,2026-09-26T01:37:23Z,20260926T013723Z
021528,财通成长优选混合C,2024-12-13,1.1970,1.1970,-0.08,开放申购,开放赎回,天天基金lsjz,2026-09-26T01:37:23Z,20260926T013723Z
021528,财通成长优选混合C,2024-12-16,1.2000,1.2000,0.25,开放申购,开放赎回,天天基金lsjz,2026-09-26T01:37:23Z,20260926T013723Z
021528,财通成长优选混合C,2024-12-17,1.2100,1.2100,0.83,开放申购,开放赎回,天天基金lsjz,2026-09-26T01:37:23Z,20260926T013723Z
021528,财通成长优选混合C,2024-12-18,1.2060,1.2060,-0.33,开放申购,开放赎回,天天基金lsjz,2026-09-26T01:37:23Z,20260926T013723Z
021528,财通成长优选混合C,2024-12-19,1.2350,1.2350,2.40,开放申购,开放赎回,天天基金lsjz,2026-09-26T01:37:23Z,20260926T013723Z
021528,财通成长优选混合C,2024-12-20,1.2540,1.2540,1.54,开放申购,开放赎回,天天基金lsjz,2026-09-26T01:37:23Z,20260926T013723Z
021528,财通成长优选混合C,2024-12-23,1.2480,1.2480,-0.48,开放申购,开放赎回,天天基金lsjz,2026-09-26T01:37:23Z,20260926T013723Z
021528,财通成长优选混合C,2024-12-24,1.2560,1.2560,0.64,开放申购,开放赎回,天天基金lsjz,2026-09-26T01:37:23Z,20260926T013723Z
021528,财通成长优选混合C,2024-12-25,1.2610,1.2610,0.40,开放申购,开放赎回,天天基金lsjz,2026-09-26T01:37:23Z,20260926T013723Z
021528,财通成长优选混合C,2024-12-26,1.3020,1.3020,3.25,开放申购,开放赎回,天天基金lsjz,2026-09-26T01:37:23Z,20260926T013723Z
021528,财通成长优选混合C,2024-12-27,1.2880,1.2880,-1.08,开放申购,开放赎回,天天基金lsjz,2026-09-26T01:37:23Z,20260926T013723Z
021528,财通成长优选混合C,2024-12-30,1.2760,1.2760,-0.93,开放申购,开放赎回,天天基金lsjz,2026-09-26T01:37:23Z,20260926T013723Z
021528,财通成长优选混合C,2024-12-31,1.2450,1.2450,-2.43,开放申购,开放赎回,天天基金lsjz,2026-09-26T01:37:23Z,20260926T013723Z
021528,财通成长优选混合C,2025-01-02,1.2170,1.2170,-2.25,开放申购,开放赎回,天天基金lsjz,2026-09-26T01:37:23Z,20260926T013723Z
021528,财通成长优选混合C,2025-01-03,1.2030,1.2030,-1.15,开放申购,开放赎回,天天基金lsjz,2026-09-26T01:37:23Z,20260926T013723Z
021528,财通成长优选混合C,2025-01-06,1.2170,1.2170,1.16,开放申购,开放赎回,天天基金lsjz,2026-09-26T01:37:23Z,20260926T013723Z
021528,财通成长优选混合C,2025-01-07,1.2700,1.2700,4.35,开放申购,开放赎回,天天基金lsjz,2026-09-26T01:37:23Z,20260926T013723Z
021528,财通成长优选混合C,2025-01-08,1.2750,1.2750,0.39,开放申购,开放赎回,天天基金lsjz,2026-09-26T01:37:23Z,20260926T013723Z
021528,财通成长优选混合C,2025-01-09,1.2610,1.2610,-1.10,开放申购,开放赎回,天天基金lsjz,2026-09-26T01:37:23Z,20260926T013723Z
021528,财通成长优选混合C,2025-01-10,1.2310,1.2310,-2.38,开放申购,开放赎回,天天基金lsjz,2026-09-26T01:37:23Z,20260926T013723Z
021528,财通成长优选混合C,2025-01-13,1.2330,1.2330,0.16,开放申购,开放赎回,天天基金lsjz,2026-09-26T01:37:23Z,20260926T013723Z
021528,财通成长优选混合C,2025-01-14,1.2650,1.2650,2.60,开放申购,开放赎回,天天基金lsjz,2026-09-26T01:37:23Z,20260926T013723Z
021528,财通成长优选混合C,2025-01-15,1.2390,1.2390,-2.06,开放申购,开放赎回,天天基金lsjz,2026-09-26T01:37:23Z,20260926T013723Z
021528,财通成长优选混合C,2025-01-16,1.2460,1.2460,0.56,开放申购,开放赎回,天天基金lsjz,2026-09-26T01:37:23Z,20260926T013723Z
021528,财通成长优选混合C,2025-01-17,1.2450,1.2450,-0.08,开放申购,开放赎回,天天基金lsjz,2026-09-26T01:37:23Z,20260926T013723Z
021528,财通成长优选混合C,2025-01-20,1.2990,1.2990,4.34,开放申购,开放赎回,天天基金lsjz,2026-09-26T01:37:23Z,20260926T013723Z
021528,财通成长优选混合C,2025-01-21,1.3220,1.3220,1.77,开放申购,开放赎回,天天基金lsjz,2026-09-26T01:37:23Z,20260926T013723Z
021528,财通成长优选混合C,2025-01-22,1.3750,1.3750,4.01,开放申购,开放赎回,天天基金lsjz,2026-09-26T01:37:23Z,20260926T013723Z
021528,财通成长优选混合C,2025-01-23,1.3560,1.3560,-1.38,开放申购,开放赎回,天天基金lsjz,2026-09-26T01:37:23Z,20260926T013723Z
021528,财通成长优选混合C,2025-01-24,1.3540,1.3540,-0.15,开放申购,开放赎回,天天基金lsjz,2026-09-26T01:37:23Z,20260926T013723Z
021528,财通成长优选混合C,2025-01-27,1.2860,1.2860,-5.02,开放申购,开放赎回,天天基金lsjz,2026-09-26T01:37:23Z,20260926T013723Z
021528,财通成长优选混合C,2025-02-05,1.1610,1.1610,-9.72,开放申购,开放赎回,天天基金lsjz,2026-09-26T01:37:23Z,20260926T013723Z
021528,财通成长优选混合C,2025-02-06,1.1930,1.1930,2.76,开放申购,开放赎回,天天基金lsjz,2026-09-26T01:37:23Z,20260926T013723Z
021528,财通成长优选混合C,2025-02-07,1.2220,1.2220,2.43,开放申购,开放赎回,天天基金lsjz,2026-09-26T01:37:23Z,20260926T013723Z
021528,财通成长优选混合C,2025-02-10,1.2380,1.2380,1.31,开放申购,开放赎回,天天基金lsjz,2026-09-26T01:37:23Z,20260926T013723Z
021528,财通成长优选混合C,2025-02-11,1.2520,1.2520,1.13,开放申购,开放赎回,天天基金lsjz,2026-09-26T01:37:23Z,20260926T013723Z
021528,财通成长优选混合C,2025-02-12,1.2660,1.2660,1.12,开放申购,开放赎回,天天基金lsjz,2026-09-26T01:37:23Z,20260926T013723Z
021528,财通成长优选混合C,2025-02-13,1.2250,1.2250,-3.24,开放申购,开放赎回,天天基金lsjz,2026-09-26T01:37:23Z,20260926T013723Z
021528,财通成长优选混合C,2025-02-14,1.2080,1.2080,-1.39,开放申购,开放赎回,天天基金lsjz,2026-09-26T01:37:23Z,20260926T013723Z
021528,财通成长优选混合C,2025-02-17,1.2620,1.2620,4.47,开放申购,开放赎回,天天基金lsjz,2026-09-26T01:37:23Z,20260926T013723Z
021528,财通成长优选混合C,2025-02-18,1.2370,1.2370,-1.98,开放申购,开放赎回,天天基金lsjz,2026-09-26T01:37:23Z,20260926T013723Z
021528,财通成长优选混合C,2025-02-19,1.2400,1.2400,0.24,开放申购,开放赎回,天天基金lsjz,2026-09-26T01:37:23Z,20260926T013723Z
021528,财通成长优选混合C,2025-02-20,1.2390,1.2390,-0.08,开放申购,开放赎回,天天基金lsjz,2026-09-26T01:37:23Z,20260926T013723Z
021528,财通成长优选混合C,2025-02-21,1.2630,1.2630,1.94,开放申购,开放赎回,天天基金lsjz,2026-09-26T01:37:23Z,20260926T013723Z
021528,财通成长优选混合C,2025-02-24,1.2020,1.2020,-4.83,开放申购,开放赎回,天天基金lsjz,2026-09-26T01:37:23Z,20260926T013723Z
021528,财通成长优选混合C,2025-02-25,1.1870,1.1870,-1.25,开放申购,开放赎回,天天基金lsjz,2026-09-26T01:37:23Z,20260926T013723Z
021528,财通成长优选混合C,2025-02-26,1.1890,1.1890,0.17,开放申购,开放赎回,天天基金lsjz,2026-09-26T01:37:23Z,20260926T013723Z
021528,财通成长优选混合C,2025-02-27,1.1480,1.1480,-3.45,开放申购,开放赎回,天天基金lsjz,2026-09-26T01:37:23Z,20260926T013723Z
021528,财通成长优选混合C,2025-02-28,1.0840,1.0840,-5.57,开放申购,开放赎回,天天基金lsjz,2026-09-26T01:37:23Z,20260926T013723Z
021528,财通成长优选混合C,2025-03-03,1.0660,1.0660,-1.66,开放申购,开放赎回,天天基金lsjz,2026-09-26T01:37:23Z,20260926T013723Z
021528,财通成长优选混合C,2025-03-04,1.0440,1.0440,-2.06,开放申购,开放赎回,天天基金lsjz,2026-09-26T01:37:23Z,20260926T013723Z
021528,财通成长优选混合C,2025-03-05,1.0550,1.0550,1.05,开放申购,开放赎回,天天基金lsjz,2026-09-26T01:37:23Z,20260926T013723Z
021528,财通成长优选混合C,2025-03-06,1.0670,1.0670,1.14,开放申购,开放赎回,天天基金lsjz,2026-09-26T01:37:23Z,20260926T013723Z
021528,财通成长优选混合C,2025-03-07,1.0500,1.0500,-1.59,开放申购,开放赎回,天天基金lsjz,2026-09-26T01:37:23Z,20260926T013723Z
021528,财通成长优选混合C,2025-03-10,1.0580,1.0580,0.76,开放申购,开放赎回,天天基金lsjz,2026-09-26T01:37:23Z,20260926T013723Z
021528,财通成长优选混合C,2025-03-11,1.0560,1.0560,-0.19,开放申购,开放赎回,天天基金lsjz,2026-09-26T01:37:23Z,20260926T013723Z
021528,财通成长优选混合C,2025-03-12,1.0620,1.0620,0.57,开放申购,开放赎回,天天基金lsjz,2026-09-26T01:37:23Z,20260926T013723Z
021528,财通成长优选混合C,2025-03-13,1.0560,1.0560,-0.56,开放申购,开放赎回,天天基金lsjz,2026-09-26T01:37:23Z,20260926T013723Z
021528,财通成长优选混合C,2025-03-14,1.0620,1.0620,0.57,开放申购,开放赎回,天天基金lsjz,2026-09-26T01:37:23Z,20260926T013723Z
021528,财通成长优选混合C,2025-03-17,1.0580,1.0580,-0.38,开放申购,开放赎回,天天基金lsjz,2026-09-26T01:37:23Z,20260926T013723Z
021528,财通成长优选混合C,2025-03-18,1.0530,1.0530,-0.47,开放申购,开放赎回,天天基金lsjz,2026-09-26T01:37:23Z,20260926T013723Z
021528,财通成长优选混合C,2025-03-19,1.0400,1.0400,-1.23,开放申购,开放赎回,天天基金lsjz,2026-09-26T01:37:23Z,20260926T013723Z
021528,财通成长优选混合C,2025-03-20,1.0090,1.0090,-2.98,开放申购,开放赎回,天天基金lsjz,2026-09-26T01:37:23Z,20260926T013723Z
021528,财通成长优选混合C,2025-03-21,0.9840,0.9840,-2.48,开放申购,开放赎回,天天基金lsjz,2026-09-26T01:37:23Z,20260926T013723Z
021528,财通成长优选混合C,2025-03-24,0.9760,0.9760,-0.81,开放申购,开放赎回,天天基金lsjz,2026-09-26T01:37:23Z,20260926T013723Z
021528,财通成长优选混合C,2025-03-25,0.9340,0.9340,-4.30,开放申购,开放赎回,天天基金lsjz,2026-09-26T01:37:23Z,20260926T013723Z
021528,财通成长优选混合C,2025-03-26,0.9360,0.9360,0.21,开放申购,开放赎回,天天基金lsjz,2026-09-26T01:37:23Z,20260926T013723Z
021528,财通成长优选混合C,2025-03-27,0.9300,0.9300,-0.64,开放申购,开放赎回,天天基金lsjz,2026-09-26T01:37:23Z,20260926T013723Z
021528,财通成长优选混合C,2025-03-28,0.9270,0.9270,-0.32,开放申购,开放赎回,天天基金lsjz,2026-09-26T01:37:23Z,20260926T013723Z
021528,财通成长优选混合C,2025-03-31,0.9390,0.9390,1.29,开放申购,开放赎回,天天基金lsjz,2026-09-26T01:37:23Z,20260926T013723Z
021528,财通成长优选混合C,2025-04-01,0.9320,0.9320,-0.75,开放申购,开放赎回,天天基金lsjz,2026-09-26T01:37:23Z,20260926T013723Z
021528,财通成长优选混合C,2025-04-02,0.9440,0.9440,1.29,开放申购,开放赎回,天天基金lsjz,2026-09-26T01:37:23Z,20260926T013723Z
021528,财通成长优选混合C,2025-04-03,0.9450,0.9450,0.11,开放申购,开放赎回,天天基金lsjz,2026-09-26T01:37:23Z,20260926T013723Z
021528,财通成长优选混合C,2025-04-07,0.8550,0.8550,-9.52,开放申购,开放赎回,天天基金lsjz,2026-09-26T01:37:23Z,20260926T013723Z
021528,财通成长优选混合C,2025-04-08,0.8380,0.8380,-1.99,开放申购,开放赎回,天天基金lsjz,2026-09-26T01:37:23Z,20260926T013723Z
021528,财通成长优选混合C,2025-04-09,0.8650,0.8650,3.22,开放申购,开放赎回,天天基金lsjz,2026-09-26T01:37:23Z,20260926T013723Z
021528,财通成长优选混合C,2025-04-10,0.8940,0.8940,3.35,开放申购,开放赎回,天天基金lsjz,2026-09-26T01:37:23Z,20260926T013723Z
021528,财通成长优选混合C,2025-04-11,0.9060,0.9060,1.34,开放申购,开放赎回,天天基金lsjz,2026-09-26T01:37:23Z,20260926T013723Z
021528,财通成长优选混合C,2025-04-14,0.9250,0.9250,2.10,开放申购,开放赎回,天天基金lsjz,2026-09-26T01:37:23Z,20260926T013723Z
021528,财通成长优选混合C,2025-04-15,0.9170,0.9170,-0.86,开放申购,开放赎回,天天基金lsjz,2026-09-26T01:37:23Z,20260926T013723Z
021528,财通成长优选混合C,2025-04-16,0.8920,0.8920,-2.73,开放申购,开放赎回,天天基金lsjz,2026-09-26T01:37:23Z,20260926T013723Z
021528,财通成长优选混合C,2025-04-17,0.8950,0.8950,0.34,开放申购,开放赎回,天天基金lsjz,2026-09-26T01:37:23Z,20260926T013723Z
021528,财通成长优选混合C,2025-04-18,0.8940,0.8940,-0.11,开放申购,开放赎回,天天基金lsjz,2026-09-26T01:37:23Z,20260926T013723Z
021528,财通成长优选混合C,2025-04-21,0.9310,0.9310,4.14,开放申购,开放赎回,天天基金lsjz,2026-09-26T01:37:23Z,20260926T013723Z
021528,财通成长优选混合C,2025-04-22,0.9070,0.9070,-2.58,开放申购,开放赎回,天天基金lsjz,2026-09-26T01:37:23Z,20260926T013723Z
021528,财通成长优选混合C,2025-04-23,0.9160,0.9160,0.99,开放申购,开放赎回,天天基金lsjz,2026-09-26T01:37:23Z,20260926T013723Z
021528,财通成长优选混合C,2025-04-24,0.9000,0.9000,-1.75,开放申购,开放赎回,天天基金lsjz,2026-09-26T01:37:23Z,20260926T013723Z
021528,财通成长优选混合C,2025-04-25,0.9090,0.9090,1.00,开放申购,开放赎回,天天基金lsjz,2026-09-26T01:37:23Z,20260926T013723Z
021528,财通成长优选混合C,2025-04-28,0.9190,0.9190,1.10,开放申购,开放赎回,天天基金lsjz,2026-09-26T01:37:23Z,20260926T013723Z
021528,财通成长优选混合C,2025-04-29,0.9320,0.9320,1.41,开放申购,开放赎回,天天基金lsjz,2026-09-26T01:37:23Z,20260926T013723Z
021528,财通成长优选混合C,2025-04-30,0.9590,0.9590,2.90,开放申购,开放赎回,天天基金lsjz,2026-09-26T01:37:23Z,20260926T013723Z
021528,财通成长优选混合C,2025-05-06,0.9900,0.9900,3.23,开放申购,开放赎回,天天基金lsjz,2026-09-26T01:37:23Z,20260926T013723Z
021528,财通成长优选混合C,2025-05-07,0.9830,0.9830,-0.71,开放申购,开放赎回,天天基金lsjz,2026-09-26T01:37:23Z,20260926T013723Z
021528,财通成长优选混合C,2025-05-08,0.9700,0.9700,-1.32,开放申购,开放赎回,天天基金lsjz,2026-09-26T01:37:23Z,20260926T013723Z
021528,财通成长优选混合C,2025-05-09,0.9530,0.9530,-1.75,开放申购,开放赎回,天天基金lsjz,2026-09-26T01:37:23Z,20260926T013723Z
021528,财通成长优选混合C,2025-05-12,0.9630,0.9630,1.05,开放申购,开放赎回,天天基金lsjz,2026-09-26T01:37:23Z,20260926T013723Z
021528,财通成长优选混合C,2025-05-13,0.9640,0.9640,0.10,开放申购,开放赎回,天天基金lsjz,2026-09-26T01:37:23Z,20260926T013723Z
021528,财通成长优选混合C,2025-05-14,0.9710,0.9710,0.73,开放申购,开放赎回,天天基金lsjz,2026-09-26T01:37:23Z,20260926T013723Z
021528,财通成长优选混合C,2025-05-15,0.9320,0.9320,-4.02,开放申购,开放赎回,天天基金lsjz,2026-09-26T01:37:23Z,20260926T013723Z
021528,财通成长优选混合C,2025-05-16,0.9270,0.9270,-0.54,开放申购,开放赎回,天天基金lsjz,2026-09-26T01:37:23Z,20260926T013723Z
021528,财通成长优选混合C,2025-05-19,0.9170,0.9170,-1.08,开放申购,开放赎回,天天基金lsjz,2026-09-26T01:37:23Z,20260926T013723Z
021528,财通成长优选混合C,2025-05-20,0.9230,0.9230,0.65,开放申购,开放赎回,天天基金lsjz,2026-09-26T01:37:23Z,20260926T013723Z
021528,财通成长优选混合C,2025-05-21,0.9090,0.9090,-1.52,开放申购,开放赎回,天天基金lsjz,2026-09-26T01:37:23Z,20260926T013723Z
021528,财通成长优选混合C,2025-05-22,0.9010,0.9010,-0.88,开放申购,开放赎回,天天基金lsjz,2026-09-26T01:37:23Z,20260926T013723Z
021528,财通成长优选混合C,2025-05-23,0.8790,0.8790,-2.44,开放申购,开放赎回,天天基金lsjz,2026-09-26T01:37:23Z,20260926T013723Z
021528,财通成长优选混合C,2025-05-26,0.8960,0.8960,1.93,开放申购,开放赎回,天天基金lsjz,2026-09-26T01:37:23Z,20260926T013723Z
021528,财通成长优选混合C,2025-05-27,0.8810,0.8810,-1.67,开放申购,开放赎回,天天基金lsjz,2026-09-26T01:37:23Z,20260926T013723Z
021528,财通成长优选混合C,2025-05-28,0.8920,0.8920,1.25,开放申购,开放赎回,天天基金lsjz,2026-09-26T01:37:23Z,20260926T013723Z
021528,财通成长优选混合C,2025-05-29,0.8970,0.8970,0.56,开放申购,开放赎回,天天基金lsjz,2026-09-26T01:37:23Z,20260926T013723Z
021528,财通成长优选混合C,2025-05-30,0.8760,0.8760,-2.34,开放申购,开放赎回,天天基金lsjz,2026-09-26T01:37:23Z,20260926T013723Z
021528,财通成长优选混合C,2025-06-03,0.8750,0.8750,-0.11,开放申购,开放赎回,天天基金lsjz,2026-09-26T01:37:23Z,20260926T013723Z
021528,财通成长优选混合C,2025-06-04,0.9040,0.9040,3.31,开放申购,开放赎回,天天基金lsjz,2026-09-26T01:37:23Z,20260926T013723Z
021528,财通成长优选混合C,2025-06-05,0.9440,0.9440,4.42,开放申购,开放赎回,天天基金lsjz,2026-09-26T01:37:23Z,20260926T013723Z
021528,财通成长优选混合C,2025-06-06,0.9560,0.9560,1.27,开放申购,开放赎回,天天基金lsjz,2026-09-26T01:37:23Z,20260926T013723Z
021528,财通成长优选混合C,2025-06-09,0.9690,0.9690,1.36,开放申购,开放赎回,天天基金lsjz,2026-09-26T01:37:23Z,20260926T013723Z
021528,财通成长优选混合C,2025-06-10,0.9570,0.9570,-1.24,开放申购,开放赎回,天天基金lsjz,2026-09-26T01:37:23Z,20260926T013723Z
021528,财通成长优选混合C,2025-06-11,0.9500,0.9500,-0.73,开放申购,开放赎回,天天基金lsjz,2026-09-26T01:37:23Z,20260926T013723Z
021528,财通成长优选混合C,2025-06-12,0.9670,0.9670,1.79,开放申购,开放赎回,天天基金lsjz,2026-09-26T01:37:23Z,20260926T013723Z
021528,财通成长优选混合C,2025-06-13,0.9610,0.9610,-0.62,开放申购,开放赎回,天天基金lsjz,2026-09-26T01:37:23Z,20260926T013723Z
021528,财通成长优选混合C,2025-06-16,0.9830,0.9830,2.29,开放申购,开放赎回,天天基金lsjz,2026-09-26T01:37:23Z,20260926T013723Z
021528,财通成长优选混合C,2025-06-17,0.9760,0.9760,-0.71,开放申购,开放赎回,天天基金lsjz,2026-09-26T01:37:23Z,20260926T013723Z
021528,财通成长优选混合C,2025-06-18,1.0140,1.0140,3.89,开放申购,开放赎回,天天基金lsjz,2026-09-26T01:37:23Z,20260926T013723Z
021528,财通成长优选混合C,2025-06-19,1.0060,1.0060,-0.79,开放申购,开放赎回,天天基金lsjz,2026-09-26T01:37:23Z,20260926T013723Z
021528,财通成长优选混合C,2025-06-20,0.9910,0.9910,-1.49,开放申购,开放赎回,天天基金lsjz,2026-09-26T01:37:23Z,20260926T013723Z
021528,财通成长优选混合C,2025-06-23,0.9770,0.9770,-1.41,开放申购,开放赎回,天天基金lsjz,2026-09-26T01:37:23Z,20260926T013723Z
021528,财通成长优选混合C,2025-06-24,0.9700,0.9700,-0.72,开放申购,开放赎回,天天基金lsjz,2026-09-26T01:37:23Z,20260926T013723Z
021528,财通成长优选混合C,2025-06-25,0.9770,0.9770,0.72,开放申购,开放赎回,天天基金lsjz,2026-09-26T01:37:23Z,20260926T013723Z
021528,财通成长优选混合C,2025-06-26,0.9870,0.9870,1.02,开放申购,开放赎回,天天基金lsjz,2026-09-26T01:37:23Z,20260926T013723Z
021528,财通成长优选混合C,2025-06-27,1.0160,1.0160,2.94,开放申购,开放赎回,天天基金lsjz,2026-09-26T01:37:23Z,20260926T013723Z
021528,财通成长优选混合C,2025-06-30,1.0440,1.0440,2.76,开放申购,开放赎回,天天基金lsjz,2026-09-26T01:37:23Z,20260926T013723Z
021528,财通成长优选混合C,2025-07-01,1.0490,1.0490,0.48,开放申购,开放赎回,天天基金lsjz,2026-09-26T01:37:23Z,20260926T013723Z
021528,财通成长优选混合C,2025-07-02,1.0220,1.0220,-2.57,开放申购,开放赎回,天天基金lsjz,2026-09-26T01:37:23Z,20260926T013723Z
021528,财通成长优选混合C,2025-07-03,1.0570,1.0570,3.42,开放申购,开放赎回,天天基金lsjz,2026-09-26T01:37:23Z,20260926T013723Z
021528,财通成长优选混合C,2025-07-04,1.0460,1.0460,-1.04,开放申购,开放赎回,天天基金lsjz,2026-09-26T01:37:23Z,20260926T013723Z
021528,财通成长优选混合C,2025-07-07,1.0340,1.0340,-1.15,开放申购,开放赎回,天天基金lsjz,2026-09-26T01:37:23Z,20260926T013723Z
021528,财通成长优选混合C,2025-07-08,1.0920,1.0920,5.61,开放申购,开放赎回,天天基金lsjz,2026-09-26T01:37:23Z,20260926T013723Z
021528,财通成长优选混合C,2025-07-09,1.0950,1.0950,0.27,开放申购,开放赎回,天天基金lsjz,2026-09-26T01:37:23Z,20260926T013723Z
021528,财通成长优选混合C,2025-07-10,1.1130,1.1130,1.64,开放申购,开放赎回,天天基金lsjz,2026-09-26T01:37:23Z,20260926T013723Z
021528,财通成长优选混合C,2025-07-11,1.1110,1.1110,-0.18,开放申购,开放赎回,天天基金lsjz,2026-09-26T01:37:23Z,20260926T013723Z
021528,财通成长优选混合C,2025-07-14,1.1150,1.1150,0.36,开放申购,开放赎回,天天基金lsjz,2026-09-26T01:37:23Z,20260926T013723Z
021528,财通成长优选混合C,2025-07-15,1.2070,1.2070,8.25,开放申购,开放赎回,天天基金lsjz,2026-09-26T01:37:23Z,20260926T013723Z
021528,财通成长优选混合C,2025-07-16,1.1960,1.1960,-0.91,开放申购,开放赎回,天天基金lsjz,2026-09-26T01:37:23Z,20260926T013723Z
021528,财通成长优选混合C,2025-07-17,1.2670,1.2670,5.94,开放申购,开放赎回,天天基金lsjz,2026-09-26T01:37:23Z,20260926T013723Z
021528,财通成长优选混合C,2025-07-18,1.2540,1.2540,-1.03,开放申购,开放赎回,天天基金lsjz,2026-09-26T01:37:23Z,20260926T013723Z
021528,财通成长优选混合C,2025-07-21,1.2670,1.2670,1.04,开放申购,开放赎回,天天基金lsjz,2026-09-26T01:37:23Z,20260926T013723Z
021528,财通成长优选混合C,2025-07-22,1.2760,1.2760,0.71,开放申购,开放赎回,天天基金lsjz,2026-09-26T01:37:23Z,20260926T013723Z
021528,财通成长优选混合C,2025-07-23,1.2800,1.2800,0.31,开放申购,开放赎回,天天基金lsjz,2026-09-26T01:37:23Z,20260926T013723Z
021528,财通成长优选混合C,2025-07-24,1.2570,1.2570,-1.80,开放申购,开放赎回,天天基金lsjz,2026-09-26T01:37:23Z,20260926T013723Z
021528,财通成长优选混合C,2025-07-25,1.2550,1.2550,-0.16,开放申购,开放赎回,天天基金lsjz,2026-09-26T01:37:23Z,20260926T013723Z
021528,财通成长优选混合C,2025-07-28,1.3000,1.3000,3.59,开放申购,开放赎回,天天基金lsjz,2026-09-26T01:37:23Z,20260926T013723Z
021528,财通成长优选混合C,2025-07-29,1.3690,1.3690,5.31,开放申购,开放赎回,天天基金lsjz,2026-09-26T01:37:23Z,20260926T013723Z
021528,财通成长优选混合C,2025-07-30,1.3650,1.3650,-0.29,开放申购,开放赎回,天天基金lsjz,2026-09-26T01:37:23Z,20260926T013723Z
021528,财通成长优选混合C,2025-07-31,1.3690,1.3690,0.29,开放申购,开放赎回,天天基金lsjz,2026-09-26T01:37:23Z,20260926T013723Z
021528,财通成长优选混合C,2025-08-01,1.3390,1.3390,-2.19,开放申购,开放赎回,天天基金lsjz,2026-09-26T01:37:23Z,20260926T013723Z
021528,财通成长优选混合C,2025-08-04,1.3350,1.3350,-0.30,开放申购,开放赎回,天天基金lsjz,2026-09-26T01:37:23Z,20260926T013723Z
021528,财通成长优选混合C,2025-08-05,1.3620,1.3620,2.02,开放申购,开放赎回,天天基金lsjz,2026-09-26T01:37:23Z,20260926T013723Z
021528,财通成长优选混合C,2025-08-06,1.3550,1.3550,-0.51,开放申购,开放赎回,天天基金lsjz,2026-09-26T01:37:23Z,20260926T013723Z
021528,财通成长优选混合C,2025-08-07,1.3500,1.3500,-0.37,开放申购,开放赎回,天天基金lsjz,2026-09-26T01:37:23Z,20260926T013723Z
021528,财通成长优选混合C,2025-08-08,1.3390,1.3390,-0.81,开放申购,开放赎回,天天基金lsjz,2026-09-26T01:37:23Z,20260926T013723Z
021528,财通成长优选混合C,2025-08-11,1.3780,1.3780,2.91,开放申购,开放赎回,天天基金lsjz,2026-09-26T01:37:23Z,20260926T013723Z
021528,财通成长优选混合C,2025-08-12,1.4250,1.4250,3.41,开放申购,开放赎回,天天基金lsjz,2026-09-26T01:37:23Z,20260926T013723Z
021528,财通成长优选混合C,2025-08-13,1.5270,1.5270,7.16,开放申购,开放赎回,天天基金lsjz,2026-09-26T01:37:23Z,20260926T013723Z
021528,财通成长优选混合C,2025-08-14,1.4660,1.4660,-3.99,开放申购,开放赎回,天天基金lsjz,2026-09-26T01:37:23Z,20260926T013723Z
021528,财通成长优选混合C,2025-08-15,1.4710,1.4710,0.34,开放申购,开放赎回,天天基金lsjz,2026-09-26T01:37:23Z,20260926T013723Z
021528,财通成长优选混合C,2025-08-18,1.5300,1.5300,4.01,开放申购,开放赎回,天天基金lsjz,2026-09-26T01:37:23Z,20260926T013723Z
021528,财通成长优选混合C,2025-08-19,1.5700,1.5700,2.61,开放申购,开放赎回,天天基金lsjz,2026-09-26T01:37:23Z,20260926T013723Z
021528,财通成长优选混合C,2025-08-20,1.5660,1.5660,-0.25,开放申购,开放赎回,天天基金lsjz,2026-09-26T01:37:23Z,20260926T013723Z
021528,财通成长优选混合C,2025-08-21,1.5350,1.5350,-1.98,开放申购,开放赎回,天天基金lsjz,2026-09-26T01:37:23Z,20260926T013723Z
021528,财通成长优选混合C,2025-08-22,1.6000,1.6000,4.23,开放申购,开放赎回,天天基金lsjz,2026-09-26T01:37:23Z,20260926T013723Z
021528,财通成长优选混合C,2025-08-25,1.7280,1.7280,8.00,开放申购,开放赎回,天天基金lsjz,2026-09-26T01:37:23Z,20260926T013723Z
021528,财通成长优选混合C,2025-08-26,1.6980,1.6980,-1.74,开放申购,开放赎回,天天基金lsjz,2026-09-26T01:37:23Z,20260926T013723Z
021528,财通成长优选混合C,2025-08-27,1.7530,1.7530,3.24,开放申购,开放赎回,天天基金lsjz,2026-09-26T01:37:23Z,20260926T013723Z
021528,财通成长优选混合C,2025-08-28,1.9100,1.9100,8.96,开放申购,开放赎回,天天基金lsjz,2026-09-26T01:37:23Z,20260926T013723Z
021528,财通成长优选混合C,2025-08-29,1.9010,1.9010,-0.47,开放申购,开放赎回,天天基金lsjz,2026-09-26T01:37:23Z,20260926T013723Z
021528,财通成长优选混合C,2025-09-01,1.9690,1.9690,3.58,开放申购,开放赎回,天天基金lsjz,2026-09-26T01:37:23Z,20260926T013723Z
021528,财通成长优选混合C,2025-09-02,1.8660,1.8660,-5.23,开放申购,开放赎回,天天基金lsjz,2026-09-26T01:37:23Z,20260926T013723Z
021528,财通成长优选混合C,2025-09-03,1.9110,1.9110,2.41,开放申购,开放赎回,天天基金lsjz,2026-09-26T01:37:23Z,20260926T013723Z
021528,财通成长优选混合C,2025-09-04,1.7340,1.7340,-9.26,开放申购,开放赎回,天天基金lsjz,2026-09-26T01:37:23Z,20260926T013723Z
021528,财通成长优选混合C,2025-09-05,1.8740,1.8740,8.07,开放申购,开放赎回,天天基金lsjz,2026-09-26T01:37:23Z,20260926T013723Z
021528,财通成长优选混合C,2025-09-08,1.7840,1.7840,-4.80,开放申购,开放赎回,天天基金lsjz,2026-09-26T01:37:23Z,20260926T013723Z
021528,财通成长优选混合C,2025-09-09,1.7410,1.7410,-2.41,开放申购,开放赎回,天天基金lsjz,2026-09-26T01:37:23Z,20260926T013723Z
021528,财通成长优选混合C,2025-09-10,1.8230,1.8230,4.71,开放申购,开放赎回,天天基金lsjz,2026-09-26T01:37:23Z,20260926T013723Z
021528,财通成长优选混合C,2025-09-11,2.0190,2.0190,10.75,开放申购,开放赎回,天天基金lsjz,2026-09-26T01:37:23Z,20260926T013723Z
021528,财通成长优选混合C,2025-09-12,2.0250,2.0250,0.30,开放申购,开放赎回,天天基金lsjz,2026-09-26T01:37:23Z,20260926T013723Z
021528,财通成长优选混合C,2025-09-15,1.9800,1.9800,-2.22,开放申购,开放赎回,天天基金lsjz,2026-09-26T01:37:23Z,20260926T013723Z
021528,财通成长优选混合C,2025-09-16,1.9980,1.9980,0.91,开放申购,开放赎回,天天基金lsjz,2026-09-26T01:37:23Z,20260926T013723Z
021528,财通成长优选混合C,2025-09-17,1.9970,1.9970,-0.05,开放申购,开放赎回,天天基金lsjz,2026-09-26T01:37:23Z,20260926T013723Z
021528,财通成长优选混合C,2025-09-18,2.0350,2.0350,1.90,开放申购,开放赎回,天天基金lsjz,2026-09-26T01:37:23Z,20260926T013723Z
021528,财通成长优选混合C,2025-09-19,2.0370,2.0370,0.10,开放申购,开放赎回,天天基金lsjz,2026-09-26T01:37:23Z,20260926T013723Z
021528,财通成长优选混合C,2025-09-22,2.0930,2.0930,2.75,开放申购,开放赎回,天天基金lsjz,2026-09-26T01:37:23Z,20260926T013723Z
021528,财通成长优选混合C,2025-09-23,2.0970,2.0970,0.19,开放申购,开放赎回,天天基金lsjz,2026-09-26T01:37:23Z,20260926T013723Z
021528,财通成长优选混合C,2025-09-24,2.0500,2.0500,-2.24,开放申购,开放赎回,天天基金lsjz,2026-09-26T01:37:23Z,20260926T013723Z
021528,财通成长优选混合C,2025-09-25,2.0560,2.0560,0.29,开放申购,开放赎回,天天基金lsjz,2026-09-26T01:37:23Z,20260926T013723Z
021528,财通成长优选混合C,2025-09-26,1.9750,1.9750,-3.94,开放申购,开放赎回,天天基金lsjz,2026-09-26T01:37:23Z,20260926T013723Z
021528,财通成长优选混合C,2025-09-29,2.0250,2.0250,2.53,开放申购,开放赎回,天天基金lsjz,2026-09-26T01:37:23Z,20260926T013723Z
021528,财通成长优选混合C,2025-09-30,1.9860,1.9860,-1.93,开放申购,开放赎回,天天基金lsjz,2026-09-26T01:37:23Z,20260926T013723Z
021528,财通成长优选混合C,2025-10-09,2.0050,2.0050,0.96,开放申购,开放赎回,天天基金lsjz,2026-09-26T01:37:23Z,20260926T013723Z
021528,财通成长优选混合C,2025-10-10,1.9560,1.9560,-2.44,开放申购,开放赎回,天天基金lsjz,2026-09-26T01:37:23Z,20260926T013723Z
021528,财通成长优选混合C,2025-10-13,1.9140,1.9140,-2.15,开放申购,开放赎回,天天基金lsjz,2026-09-26T01:37:23Z,20260926T013723Z
021528,财通成长优选混合C,2025-10-14,1.8060,1.8060,-5.64,开放申购,开放赎回,天天基金lsjz,2026-09-26T01:37:23Z,20260926T013723Z
021528,财通成长优选混合C,2025-10-15,1.8880,1.8880,4.54,开放申购,开放赎回,天天基金lsjz,2026-09-26T01:37:23Z,20260926T013723Z
021528,财通成长优选混合C,2025-10-16,1.8740,1.8740,-0.74,开放申购,开放赎回,天天基金lsjz,2026-09-26T01:37:23Z,20260926T013723Z
021528,财通成长优选混合C,2025-10-17,1.8060,1.8060,-3.63,开放申购,开放赎回,天天基金lsjz,2026-09-26T01:37:23Z,20260926T013723Z
021528,财通成长优选混合C,2025-10-20,1.8700,1.8700,3.54,开放申购,开放赎回,天天基金lsjz,2026-09-26T01:37:23Z,20260926T013723Z
021528,财通成长优选混合C,2025-10-21,1.9860,1.9860,6.20,开放申购,开放赎回,天天基金lsjz,2026-09-26T01:37:23Z,20260926T013723Z
021528,财通成长优选混合C,2025-10-22,2.0020,2.0020,0.81,开放申购,开放赎回,天天基金lsjz,2026-09-26T01:37:23Z,20260926T013723Z
021528,财通成长优选混合C,2025-10-23,1.9760,1.9760,-1.30,开放申购,开放赎回,天天基金lsjz,2026-09-26T01:37:23Z,20260926T013723Z
021528,财通成长优选混合C,2025-10-24,2.1080,2.1080,6.68,开放申购,开放赎回,天天基金lsjz,2026-09-26T01:37:23Z,20260926T013723Z
021528,财通成长优选混合C,2025-10-27,2.2290,2.2290,5.74,开放申购,开放赎回,天天基金lsjz,2026-09-26T01:37:23Z,20260926T013723Z
021528,财通成长优选混合C,2025-10-28,2.3130,2.3130,3.77,开放申购,开放赎回,天天基金lsjz,2026-09-26T01:37:23Z,20260926T013723Z
021528,财通成长优选混合C,2025-10-29,2.4060,2.4060,4.02,开放申购,开放赎回,天天基金lsjz,2026-09-26T01:37:23Z,20260926T013723Z
021528,财通成长优选混合C,2025-10-30,2.3730,2.3730,-1.37,开放申购,开放赎回,天天基金lsjz,2026-09-26T01:37:23Z,20260926T013723Z
021528,财通成长优选混合C,2025-10-31,2.2560,2.2560,-4.93,开放申购,开放赎回,天天基金lsjz,2026-09-26T01:37:23Z,20260926T013723Z
021528,财通成长优选混合C,2025-11-03,2.2370,2.2370,-0.84,开放申购,开放赎回,天天基金lsjz,2026-09-26T01:37:23Z,20260926T013723Z
021528,财通成长优选混合C,2025-11-04,2.2370,2.2370,0.00,开放申购,开放赎回,天天基金lsjz,2026-09-26T01:37:23Z,20260926T013723Z
021528,财通成长优选混合C,2025-11-05,2.2450,2.2450,0.36,开放申购,开放赎回,天天基金lsjz,2026-09-26T01:37:23Z,20260926T013723Z
021528,财通成长优选混合C,2025-11-06,2.2840,2.2840,1.74,开放申购,开放赎回,天天基金lsjz,2026-09-26T01:37:23Z,20260926T013723Z
021528,财通成长优选混合C,2025-11-07,2.2310,2.2310,-2.32,开放申购,开放赎回,天天基金lsjz,2026-09-26T01:37:23Z,20260926T013723Z
021528,财通成长优选混合C,2025-11-10,2.1800,2.1800,-2.29,开放申购,开放赎回,天天基金lsjz,2026-09-26T01:37:23Z,20260926T013723Z
021528,财通成长优选混合C,2025-11-11,2.1100,2.1100,-3.21,开放申购,开放赎回,天天基金lsjz,2026-09-26T01:37:23Z,20260926T013723Z
021528,财通成长优选混合C,2025-11-12,2.1220,2.1220,0.57,开放申购,开放赎回,天天基金lsjz,2026-09-26T01:37:23Z,20260926T013723Z
021528,财通成长优选混合C,2025-11-13,2.1340,2.1340,0.57,开放申购,开放赎回,天天基金lsjz,2026-09-26T01:37:23Z,20260926T013723Z
021528,财通成长优选混合C,2025-11-14,2.0560,2.0560,-3.66,开放申购,开放赎回,天天基金lsjz,2026-09-26T01:37:23Z,20260926T013723Z
021528,财通成长优选混合C,2025-11-17,2.0580,2.0580,0.10,开放申购,开放赎回,天天基金lsjz,2026-09-26T01:37:23Z,20260926T013723Z
021528,财通成长优选混合C,2025-11-18,2.0540,2.0540,-0.19,开放申购,开放赎回,天天基金lsjz,2026-09-26T01:37:23Z,20260926T013723Z
021528,财通成长优选混合C,2025-11-19,2.0490,2.0490,-0.24,开放申购,开放赎回,天天基金lsjz,2026-09-26T01:37:23Z,20260926T013723Z
021528,财通成长优选混合C,2025-11-20,2.0720,2.0720,1.12,开放申购,开放赎回,天天基金lsjz,2026-09-26T01:37:23Z,20260926T013723Z
021528,财通成长优选混合C,2025-11-21,1.9390,1.9390,-6.42,开放申购,开放赎回,天天基金lsjz,2026-09-26T01:37:23Z,20260926T013723Z
021528,财通成长优选混合C,2025-11-24,1.9060,1.9060,-1.70,开放申购,开放赎回,天天基金lsjz,2026-09-26T01:37:23Z,20260926T013723Z
021528,财通成长优选混合C,2025-11-25,1.9950,1.9950,4.67,开放申购,开放赎回,天天基金lsjz,2026-09-26T01:37:23Z,20260926T013723Z
021528,财通成长优选混合C,2025-11-26,2.0940,2.0940,4.96,开放申购,开放赎回,天天基金lsjz,2026-09-26T01:37:23Z,20260926T013723Z
021528,财通成长优选混合C,2025-11-27,2.0690,2.0690,-1.19,开放申购,开放赎回,天天基金lsjz,2026-09-26T01:37:23Z,20260926T013723Z
021528,财通成长优选混合C,2025-11-28,2.0500,2.0500,-0.92,开放申购,开放赎回,天天基金lsjz,2026-09-26T01:37:23Z,20260926T013723Z
021528,财通成长优选混合C,2025-12-01,2.0800,2.0800,1.46,开放申购,开放赎回,天天基金lsjz,2026-09-26T01:37:23Z,20260926T013723Z
021528,财通成长优选混合C,2025-12-02,2.0760,2.0760,-0.19,开放申购,开放赎回,天天基金lsjz,2026-09-26T01:37:23Z,20260926T013723Z
021528,财通成长优选混合C,2025-12-03,2.0740,2.0740,-0.10,开放申购,开放赎回,天天基金lsjz,2026-09-26T01:37:23Z,20260926T013723Z
021528,财通成长优选混合C,2025-12-04,2.0790,2.0790,0.24,开放申购,开放赎回,天天基金lsjz,2026-09-26T01:37:23Z,20260926T013723Z
021528,财通成长优选混合C,2025-12-05,2.0860,2.0860,0.34,开放申购,开放赎回,天天基金lsjz,2026-09-26T01:37:23Z,20260926T013723Z
021528,财通成长优选混合C,2025-12-08,2.1920,2.1920,5.08,开放申购,开放赎回,天天基金lsjz,2026-09-26T01:37:23Z,20260926T013723Z
021528,财通成长优选混合C,2025-12-09,2.3210,2.3210,5.89,开放申购,开放赎回,天天基金lsjz,2026-09-26T01:37:23Z,20260926T013723Z
021528,财通成长优选混合C,2025-12-10,2.3070,2.3070,-0.60,开放申购,开放赎回,天天基金lsjz,2026-09-26T01:37:23Z,20260926T013723Z
021528,财通成长优选混合C,2025-12-11,2.2410,2.2410,-2.86,开放申购,开放赎回,天天基金lsjz,2026-09-26T01:37:23Z,20260926T013723Z
021528,财通成长优选混合C,2025-12-12,2.2710,2.2710,1.34,开放申购,开放赎回,天天基金lsjz,2026-09-26T01:37:23Z,20260926T013723Z
021528,财通成长优选混合C,2025-12-15,2.1860,2.1860,-3.74,开放申购,开放赎回,天天基金lsjz,2026-09-26T01:37:23Z,20260926T013723Z
021528,财通成长优选混合C,2025-12-16,2.1600,2.1600,-1.19,开放申购,开放赎回,天天基金lsjz,2026-09-26T01:37:23Z,20260926T013723Z
021528,财通成长优选混合C,2025-12-17,2.2950,2.2950,6.25,开放申购,开放赎回,天天基金lsjz,2026-09-26T01:37:23Z,20260926T013723Z
021528,财通成长优选混合C,2025-12-18,2.1990,2.1990,-4.18,开放申购,开放赎回,天天基金lsjz,2026-09-26T01:37:23Z,20260926T013723Z
021528,财通成长优选混合C,2025-12-19,2.1580,2.1580,-1.86,开放申购,开放赎回,天天基金lsjz,2026-09-26T01:37:23Z,20260926T013723Z
021528,财通成长优选混合C,2025-12-22,2.2690,2.2690,5.14,开放申购,开放赎回,天天基金lsjz,2026-09-26T01:37:23Z,20260926T013723Z
021528,财通成长优选混合C,2025-12-23,2.3240,2.3240,2.42,开放申购,开放赎回,天天基金lsjz,2026-09-26T01:37:23Z,20260926T013723Z
021528,财通成长优选混合C,2025-12-24,2.3580,2.3580,1.46,开放申购,开放赎回,天天基金lsjz,2026-09-26T01:37:23Z,20260926T013723Z
021528,财通成长优选混合C,2025-12-25,2.3620,2.3620,0.17,开放申购,开放赎回,天天基金lsjz,2026-09-26T01:37:23Z,20260926T013723Z
021528,财通成长优选混合C,2025-12-26,2.3280,2.3280,-1.44,开放申购,开放赎回,天天基金lsjz,2026-09-26T01:37:23Z,20260926T013723Z
021528,财通成长优选混合C,2025-12-29,2.3650,2.3650,1.59,开放申购,开放赎回,天天基金lsjz,2026-09-26T01:37:23Z,20260926T013723Z
021528,财通成长优选混合C,2025-12-30,2.3320,2.3320,-1.40,开放申购,开放赎回,天天基金lsjz,2026-09-26T01:37:23Z,20260926T013723Z
021528,财通成长优选混合C,2025-12-31,2.2850,2.2850,-2.02,开放申购,开放赎回,天天基金lsjz,2026-09-26T01:37:23Z,20260926T013723Z
021528,财通成长优选混合C,2026-01-05,2.3500,2.3500,2.84,开放申购,开放赎回,天天基金lsjz,2026-09-26T01:37:23Z,20260926T013723Z
021528,财通成长优选混合C,2026-01-06,2.3250,2.3250,-1.06,开放申购,开放赎回,天天基金lsjz,2026-09-26T01:37:23Z,20260926T013723Z
021528,财通成长优选混合C,2026-01-07,2.3590,2.3590,1.46,开放申购,开放赎回,天天基金lsjz,2026-09-26T01:37:23Z,20260926T013723Z
021528,财通成长优选混合C,2026-01-08,2.3160,2.3160,-1.82,开放申购,开放赎回,天天基金lsjz,2026-09-26T01:37:23Z,20260926T013723Z
021528,财通成长优选混合C,2026-01-09,2.3080,2.3080,-0.35,开放申购,开放赎回,天天基金lsjz,2026-09-26T01:37:23Z,20260926T013723Z
021528,财通成长优选混合C,2026-01-12,2.2870,2.2870,-0.91,开放申购,开放赎回,天天基金lsjz,2026-09-26T01:37:23Z,20260926T013723Z
021528,财通成长优选混合C,2026-01-13,2.2340,2.2340,-2.32,开放申购,开放赎回,天天基金lsjz,2026-09-26T01:37:23Z,20260926T013723Z
021528,财通成长优选混合C,2026-01-14,2.3240,2.3240,4.03,开放申购,开放赎回,天天基金lsjz,2026-09-26T01:37:23Z,20260926T013723Z
021528,财通成长优选混合C,2026-01-15,2.3840,2.3840,2.58,开放申购,开放赎回,天天基金lsjz,2026-09-26T01:37:23Z,20260926T013723Z
021528,财通成长优选混合C,2026-01-16,2.3890,2.3890,0.21,开放申购,开放赎回,天天基金lsjz,2026-09-26T01:37:23Z,20260926T013723Z
021528,财通成长优选混合C,2026-01-19,2.3500,2.3500,-1.63,开放申购,开放赎回,天天基金lsjz,2026-09-26T01:37:23Z,20260926T013723Z
021528,财通成长优选混合C,2026-01-20,2.2630,2.2630,-3.70,开放申购,开放赎回,天天基金lsjz,2026-09-26T01:37:23Z,20260926T013723Z
021528,财通成长优选混合C,2026-01-21,2.3380,2.3380,3.31,开放申购,开放赎回,天天基金lsjz,2026-09-26T01:37:23Z,20260926T013723Z
021528,财通成长优选混合C,2026-01-22,2.4480,2.4480,4.70,开放申购,开放赎回,天天基金lsjz,2026-09-26T01:37:23Z,20260926T013723Z
021528,财通成长优选混合C,2026-01-23,2.3380,2.3380,-4.49,开放申购,开放赎回,天天基金lsjz,2026-09-26T01:37:23Z,20260926T013723Z
021528,财通成长优选混合C,2026-01-26,2.3660,2.3660,1.20,开放申购,开放赎回,天天基金lsjz,2026-09-26T01:37:23Z,20260926T013723Z
021528,财通成长优选混合C,2026-01-27,2.4320,2.4320,2.79,开放申购,开放赎回,天天基金lsjz,2026-09-26T01:37:23Z,20260926T013723Z
021528,财通成长优选混合C,2026-01-28,2.4210,2.4210,-0.45,开放申购,开放赎回,天天基金lsjz,2026-09-26T01:37:23Z,20260926T013723Z
021528,财通成长优选混合C,2026-01-29,2.3350,2.3350,-3.55,开放申购,开放赎回,天天基金lsjz,2026-09-26T01:37:23Z,20260926T013723Z
021528,财通成长优选混合C,2026-01-30,2.3970,2.3970,2.66,开放申购,开放赎回,天天基金lsjz,2026-09-26T01:37:23Z,20260926T013723Z
021528,财通成长优选混合C,2026-02-02,2.3570,2.3570,-1.67,开放申购,开放赎回,天天基金lsjz,2026-09-26T01:37:23Z,20260926T013723Z
021528,财通成长优选混合C,2026-02-03,2.3780,2.3780,0.89,开放申购,开放赎回,天天基金lsjz,2026-09-26T01:37:23Z,20260926T013723Z
021528,财通成长优选混合C,2026-02-04,2.3340,2.3340,-1.85,开放申购,开放赎回,天天基金lsjz,2026-09-26T01:37:23Z,20260926T013723Z
021528,财通成长优选混合C,2026-02-05,2.2810,2.2810,-2.27,开放申购,开放赎回,天天基金lsjz,2026-09-26T01:37:23Z,20260926T013723Z
021528,财通成长优选混合C,2026-02-06,2.2410,2.2410,-1.75,开放申购,开放赎回,天天基金lsjz,2026-09-26T01:37:23Z,20260926T013723Z
021528,财通成长优选混合C,2026-02-09,2.3420,2.3420,4.51,开放申购,开放赎回,天天基金lsjz,2026-09-26T01:37:23Z,20260926T013723Z
021528,财通成长优选混合C,2026-02-10,2.3470,2.3470,0.21,开放申购,开放赎回,天天基金lsjz,2026-09-26T01:37:23Z,20260926T013723Z
021528,财通成长优选混合C,2026-02-11,2.2970,2.2970,-2.13,开放申购,开放赎回,天天基金lsjz,2026-09-26T01:37:23Z,20260926T013723Z
021528,财通成长优选混合C,2026-02-12,2.3140,2.3140,0.74,开放申购,开放赎回,天天基金lsjz,2026-09-26T01:37:23Z,20260926T013723Z
021528,财通成长优选混合C,2026-02-13,2.2680,2.2680,-1.99,开放申购,开放赎回,天天基金lsjz,2026-09-26T01:37:23Z,20260926T013723Z
021528,财通成长优选混合C,2026-02-24,2.3570,2.3570,3.92,开放申购,开放赎回,天天基金lsjz,2026-09-26T01:37:23Z,20260926T013723Z
021528,财通成长优选混合C,2026-02-25,2.4370,2.4370,3.39,开放申购,开放赎回,天天基金lsjz,2026-09-26T01:37:23Z,20260926T013723Z
021528,财通成长优选混合C,2026-02-26,2.5110,2.5110,3.04,开放申购,开放赎回,天天基金lsjz,2026-09-26T01:37:23Z,20260926T013723Z
021528,财通成长优选混合C,2026-02-27,2.3940,2.3940,-4.66,开放申购,开放赎回,天天基金lsjz,2026-09-26T01:37:23Z,20260926T013723Z
021528,财通成长优选混合C,2026-03-02,2.4340,2.4340,1.67,开放申购,开放赎回,天天基金lsjz,2026-09-26T01:37:23Z,20260926T013723Z
021528,财通成长优选混合C,2026-03-03,2.3850,2.3850,-2.01,开放申购,开放赎回,天天基金lsjz,2026-09-26T01:37:23Z,20260926T013723Z
021528,财通成长优选混合C,2026-03-04,2.3580,2.3580,-1.13,开放申购,开放赎回,天天基金lsjz,2026-09-26T01:37:23Z,20260926T013723Z
021528,财通成长优选混合C,2026-03-05,2.3780,2.3780,0.85,开放申购,开放赎回,天天基金lsjz,2026-09-26T01:37:23Z,20260926T013723Z
021528,财通成长优选混合C,2026-03-06,2.3580,2.3580,-0.84,开放申购,开放赎回,天天基金lsjz,2026-09-26T01:37:23Z,20260926T013723Z
021528,财通成长优选混合C,2026-03-09,2.2820,2.2820,-3.22,开放申购,开放赎回,天天基金lsjz,2026-09-26T01:37:23Z,20260926T013723Z
021528,财通成长优选混合C,2026-03-10,2.4060,2.4060,5.43,开放申购,开放赎回,天天基金lsjz,2026-09-26T01:37:23Z,20260926T013723Z
021528,财通成长优选混合C,2026-03-11,2.3930,2.3930,-0.54,开放申购,开放赎回,天天基金lsjz,2026-09-26T01:37:23Z,20260926T013723Z
021528,财通成长优选混合C,2026-03-12,2.3440,2.3440,-2.05,开放申购,开放赎回,天天基金lsjz,2026-09-26T01:37:23Z,20260926T013723Z
021528,财通成长优选混合C,2026-03-13,2.3750,2.3750,1.32,开放申购,开放赎回,天天基金lsjz,2026-09-26T01:37:23Z,20260926T013723Z
021528,财通成长优选混合C,2026-03-16,2.4480,2.4480,3.07,开放申购,开放赎回,天天基金lsjz,2026-09-26T01:37:23Z,20260926T013723Z
021528,财通成长优选混合C,2026-03-17,2.3480,2.3480,-4.08,开放申购,开放赎回,天天基金lsjz,2026-09-26T01:37:23Z,20260926T013723Z
021528,财通成长优选混合C,2026-03-18,2.4550,2.4550,4.56,开放申购,开放赎回,天天基金lsjz,2026-09-26T01:37:23Z,20260926T013723Z
021528,财通成长优选混合C,2026-03-19,2.4260,2.4260,-1.18,开放申购,开放赎回,天天基金lsjz,2026-09-26T01:37:23Z,20260926T013723Z
021528,财通成长优选混合C,2026-03-20,2.5270,2.5270,4.16,开放申购,开放赎回,天天基金lsjz,2026-09-26T01:37:23Z,20260926T013723Z
021528,财通成长优选混合C,2026-03-23,2.3970,2.3970,-5.14,开放申购,开放赎回,天天基金lsjz,2026-09-26T01:37:23Z,20260926T013723Z
021528,财通成长优选混合C,2026-03-24,2.4810,2.4810,3.50,开放申购,开放赎回,天天基金lsjz,2026-09-26T01:37:23Z,20260926T013723Z
021528,财通成长优选混合C,2026-03-25,2.5400,2.5400,2.38,开放申购,开放赎回,天天基金lsjz,2026-09-26T01:37:23Z,20260926T013723Z
021528,财通成长优选混合C,2026-03-26,2.4860,2.4860,-2.13,开放申购,开放赎回,天天基金lsjz,2026-09-26T01:37:23Z,20260926T013723Z
021528,财通成长优选混合C,2026-03-27,2.4800,2.4800,-0.24,开放申购,开放赎回,天天基金lsjz,2026-09-26T01:37:23Z,20260926T013723Z
021528,财通成长优选混合C,2026-03-30,2.5160,2.5160,1.45,开放申购,开放赎回,天天基金lsjz,2026-09-26T01:37:23Z,20260926T013723Z
021528,财通成长优选混合C,2026-03-31,2.4460,2.4460,-2.78,开放申购,开放赎回,天天基金lsjz,2026-09-26T01:37:23Z,20260926T013723Z
021528,财通成长优选混合C,2026-04-01,2.5190,2.5190,2.98,开放申购,开放赎回,天天基金lsjz,2026-09-26T01:37:23Z,20260926T013723Z
021528,财通成长优选混合C,2026-04-02,2.4500,2.4500,-2.74,开放申购,开放赎回,天天基金lsjz,2026-09-26T01:37:23Z,20260926T013723Z
021528,财通成长优选混合C,2026-04-03,2.5260,2.5260,3.10,开放申购,开放赎回,天天基金lsjz,2026-09-26T01:37:23Z,20260926T013723Z
021528,财通成长优选混合C,2026-04-07,2.5170,2.5170,-0.36,开放申购,开放赎回,天天基金lsjz,2026-09-26T01:37:23Z,20260926T013723Z
021528,财通成长优选混合C,2026-04-08,2.7290,2.7290,8.42,开放申购,开放赎回,天天基金lsjz,2026-09-26T01:37:23Z,20260926T013723Z
021528,财通成长优选混合C,2026-04-09,2.7560,2.7560,0.99,开放申购,开放赎回,天天基金lsjz,2026-09-26T01:37:23Z,20260926T013723Z
021528,财通成长优选混合C,2026-04-10,2.8690,2.8690,4.10,开放申购,开放赎回,天天基金lsjz,2026-09-26T01:37:23Z,20260926T013723Z
021528,财通成长优选混合C,2026-04-13,2.9390,2.9390,2.44,开放申购,开放赎回,天天基金lsjz,2026-09-26T01:37:23Z,20260926T013723Z
021528,财通成长优选混合C,2026-04-14,3.0080,3.0080,2.35,开放申购,开放赎回,天天基金lsjz,2026-09-26T01:37:23Z,20260926T013723Z
021528,财通成长优选混合C,2026-04-15,2.9690,2.9690,-1.30,开放申购,开放赎回,天天基金lsjz,2026-09-26T01:37:23Z,20260926T013723Z
021528,财通成长优选混合C,2026-04-16,3.0350,3.0350,2.22,开放申购,开放赎回,天天基金lsjz,2026-09-26T01:37:23Z,20260926T013723Z
021528,财通成长优选混合C,2026-04-17,3.1880,3.1880,5.04,开放申购,开放赎回,天天基金lsjz,2026-09-26T01:37:23Z,20260926T013723Z
021528,财通成长优选混合C,2026-04-20,3.1750,3.1750,-0.41,开放申购,开放赎回,天天基金lsjz,2026-09-26T01:37:23Z,20260926T013723Z
021528,财通成长优选混合C,2026-04-21,3.2250,3.2250,1.57,开放申购,开放赎回,天天基金lsjz,2026-09-26T01:37:23Z,20260926T013723Z
021528,财通成长优选混合C,2026-04-22,3.3580,3.3580,4.12,开放申购,开放赎回,天天基金lsjz,2026-09-26T01:37:23Z,20260926T013723Z
021528,财通成长优选混合C,2026-04-23,3.2790,3.2790,-2.35,开放申购,开放赎回,天天基金lsjz,2026-09-26T01:37:23Z,20260926T013723Z
021528,财通成长优选混合C,2026-04-24,3.2070,3.2070,-2.20,开放申购,开放赎回,天天基金lsjz,2026-09-26T01:37:23Z,20260926T013723Z
021528,财通成长优选混合C,2026-04-27,3.2770,3.2770,2.18,开放申购,开放赎回,天天基金lsjz,2026-09-26T01:37:23Z,20260926T013723Z
021528,财通成长优选混合C,2026-04-28,3.2040,3.2040,-2.23,开放申购,开放赎回,天天基金lsjz,2026-09-26T01:37:23Z,20260926T013723Z
021528,财通成长优选混合C,2026-04-29,3.2350,3.2350,0.97,开放申购,开放赎回,天天基金lsjz,2026-09-26T01:37:23Z,20260926T013723Z
021528,财通成长优选混合C,2026-04-30,3.2730,3.2730,1.17,开放申购,开放赎回,天天基金lsjz,2026-09-26T01:37:23Z,20260926T013723Z
021528,财通成长优选混合C,2026-05-06,3.3230,3.3230,1.53,开放申购,开放赎回,天天基金lsjz,2026-09-26T01:37:23Z,20260926T013723Z
021528,财通成长优选混合C,2026-05-07,3.4120,3.4120,2.68,开放申购,开放赎回,天天基金lsjz,2026-09-26T01:37:23Z,20260926T013723Z
021528,财通成长优选混合C,2026-05-08,3.3890,3.3890,-0.67,开放申购,开放赎回,天天基金lsjz,2026-09-26T01:37:23Z,20260926T013723Z
021528,财通成长优选混合C,2026-05-11,3.4700,3.4700,2.39,开放申购,开放赎回,天天基金lsjz,2026-09-26T01:37:23Z,20260926T013723Z
021528,财通成长优选混合C,2026-05-12,3.5910,3.5910,3.49,开放申购,开放赎回,天天基金lsjz,2026-09-26T01:37:23Z,20260926T013723Z
021528,财通成长优选混合C,2026-05-13,3.7130,3.7130,3.40,开放申购,开放赎回,天天基金lsjz,2026-09-26T01:37:23Z,20260926T013723Z
021528,财通成长优选混合C,2026-05-14,3.5710,3.5710,-3.82,开放申购,开放赎回,天天基金lsjz,2026-09-26T01:37:23Z,20260926T013723Z
021528,财通成长优选混合C,2026-05-15,3.5410,3.5410,-0.84,开放申购,开放赎回,天天基金lsjz,2026-09-26T01:37:23Z,20260926T013723Z
021528,财通成长优选混合C,2026-05-18,3.5780,3.5780,1.04,开放申购,开放赎回,天天基金lsjz,2026-09-26T01:37:23Z,20260926T013723Z
021528,财通成长优选混合C,2026-05-19,3.6080,3.6080,0.84,开放申购,开放赎回,天天基金lsjz,2026-09-26T01:37:23Z,20260926T013723Z
021528,财通成长优选混合C,2026-05-20,3.6630,3.6630,1.52,开放申购,开放赎回,天天基金lsjz,2026-09-26T01:37:23Z,20260926T013723Z
021528,财通成长优选混合C,2026-05-21,3.6290,3.6290,-0.93,开放申购,开放赎回,天天基金lsjz,2026-09-26T01:37:23Z,20260926T013723Z
021528,财通成长优选混合C,2026-05-22,3.9740,3.9740,9.51,开放申购,开放赎回,天天基金lsjz,2026-09-26T01:37:23Z,20260926T013723Z
021528,财通成长优选混合C,2026-05-25,4.1170,4.1170,3.60,开放申购,开放赎回,天天基金lsjz,2026-09-26T01:37:23Z,20260926T013723Z
021528,财通成长优选混合C,2026-05-26,4.1630,4.1630,1.12,开放申购,开放赎回,天天基金lsjz,2026-09-26T01:37:23Z,20260926T013723Z
021528,财通成长优选混合C,2026-05-27,4.2510,4.2510,2.11,限制大额申购,开放赎回,天天基金lsjz,2026-09-26T01:37:23Z,20260926T013723Z
021528,财通成长优选混合C,2026-05-28,4.4300,4.4300,4.21,限制大额申购,开放赎回,天天基金lsjz,2026-09-26T01:37:23Z,20260926T013723Z
021528,财通成长优选混合C,2026-05-29,4.3360,4.3360,-2.12,限制大额申购,开放赎回,天天基金lsjz,2026-09-26T01:37:23Z,20260926T013723Z
021528,财通成长优选混合C,2026-06-01,4.1720,4.1720,-3.78,限制大额申购,开放赎回,天天基金lsjz,2026-09-26T01:37:23Z,20260926T013723Z
021528,财通成长优选混合C,2026-06-02,4.3910,4.3910,5.25,限制大额申购,开放赎回,天天基金lsjz,2026-09-26T01:37:23Z,20260926T013723Z
021528,财通成长优选混合C,2026-06-03,4.5450,4.5450,3.51,限制大额申购,开放赎回,天天基金lsjz,2026-09-26T01:37:23Z,20260926T013723Z
021528,财通成长优选混合C,2026-06-04,4.6340,4.6340,1.96,限制大额申购,开放赎回,天天基金lsjz,2026-09-26T01:37:23Z,20260926T013723Z
021528,财通成长优选混合C,2026-06-05,4.4480,4.4480,-4.01,限制大额申购,开放赎回,天天基金lsjz,2026-09-26T01:37:23Z,20260926T013723Z
021528,财通成长优选混合C,2026-06-08,4.4480,4.4480,0.00,限制大额申购,开放赎回,天天基金lsjz,2026-09-26T01:37:23Z,20260926T013723Z
021528,财通成长优选混合C,2026-06-09,4.7940,4.7940,7.78,限制大额申购,开放赎回,天天基金lsjz,2026-09-26T01:37:23Z,20260926T013723Z
021528,财通成长优选混合C,2026-06-10,4.6820,4.6820,-2.34,限制大额申购,开放赎回,天天基金lsjz,2026-09-26T01:37:23Z,20260926T013723Z
021528,财通成长优选混合C,2026-06-11,4.6720,4.6720,-0.21,限制大额申购,开放赎回,天天基金lsjz,2026-09-26T01:37:23Z,20260926T013723Z
021528,财通成长优选混合C,2026-06-12,4.6980,4.6980,0.56,限制大额申购,开放赎回,天天基金lsjz,2026-09-26T01:37:23Z,20260926T013723Z
021528,财通成长优选混合C,2026-06-15,5.2530,5.2530,11.81,限制大额申购,开放赎回,天天基金lsjz,2026-09-26T01:37:23Z,20260926T013723Z
021528,财通成长优选混合C,2026-06-16,5.4570,5.4570,3.88,限制大额申购,开放赎回,天天基金lsjz,2026-09-26T01:37:23Z,20260926T013723Z
021528,财通成长优选混合C,2026-06-17,5.6020,5.6020,2.66,限制大额申购,开放赎回,天天基金lsjz,2026-09-26T01:37:23Z,20260926T013723Z
021528,财通成长优选混合C,2026-06-18,5.7790,5.7790,3.16,限制大额申购,开放赎回,天天基金lsjz,2026-09-26T01:37:23Z,20260926T013723Z
021528,财通成长优选混合C,2026-06-22,5.8650,5.8650,1.49,限制大额申购,开放赎回,天天基金lsjz,2026-09-26T01:37:23Z,20260926T013723Z
021528,财通成长优选混合C,2026-06-23,5.4880,5.4880,-6.43,限制大额申购,开放赎回,天天基金lsjz,2026-09-26T01:37:23Z,20260926T013723Z
021528,财通成长优选混合C,2026-06-24,5.6270,5.6270,2.53,限制大额申购,开放赎回,天天基金lsjz,2026-09-26T01:37:23Z,20260926T013723Z
021528,财通成长优选混合C,2026-06-25,5.9230,5.9230,5.26,限制大额申购,开放赎回,天天基金lsjz,2026-09-26T01:37:23Z,20260926T013723Z
021528,财通成长优选混合C,2026-06-26,5.7720,5.7720,-2.55,限制大额申购,开放赎回,天天基金lsjz,2026-09-26T01:37:23Z,20260926T013723Z
021528,财通成长优选混合C,2026-06-29,5.5930,5.5930,-3.10,限制大额申购,开放赎回,天天基金lsjz,2026-09-26T01:37:23Z,20260926T013723Z
021528,财通成长优选混合C,2026-06-30,5.6980,5.6980,1.88,限制大额申购,开放赎回,天天基金lsjz,2026-09-26T01:37:23Z,20260926T013723Z
021528,财通成长优选混合C,2026-07-01,5.6470,5.6470,-0.90,限制大额申购,开放赎回,天天基金lsjz,2026-09-26T01:37:23Z,20260926T013723Z
021528,财通成长优选混合C,2026-07-02,5.2640,5.2640,-6.78,限制大额申购,开放赎回,天天基金lsjz,2026-09-26T01:37:23Z,20260926T013723Z
021528,财通成长优选混合C,2026-07-03,5.2760,5.2760,0.23,限制大额申购,开放赎回,天天基金lsjz,2026-09-26T01:37:23Z,20260926T013723Z
021528,财通成长优选混合C,2026-07-06,5.0070,5.0070,-5.10,限制大额申购,开放赎回,天天基金lsjz,2026-09-26T01:37:23Z,20260926T013723Z
021528,财通成长优选混合C,2026-07-07,4.9950,4.9950,-0.24,限制大额申购,开放赎回,天天基金lsjz,2026-09-26T01:37:23Z,20260926T013723Z
021528,财通成长优选混合C,2026-07-08,4.8140,4.8140,-3.62,限制大额申购,开放赎回,天天基金lsjz,2026-09-26T01:37:23Z,20260926T013723Z
021528,财通成长优选混合C,2026-07-09,5.0510,5.0510,4.92,限制大额申购,开放赎回,天天基金lsjz,2026-09-26T01:37:23Z,20260926T013723Z
021528,财通成长优选混合C,2026-07-10,4.8250,4.8250,-4.47,限制大额申购,开放赎回,天天基金lsjz,2026-09-26T01:37:23Z,20260926T013723Z
021528,财通成长优选混合C,2026-07-13,4.5180,4.5180,-6.36,限制大额申购,开放赎回,天天基金lsjz,2026-09-26T01:37:23Z,20260926T013723Z
021528,财通成长优选混合C,2026-07-14,4.9840,4.9840,10.31,限制大额申购,开放赎回,天天基金lsjz,2026-09-26T01:37:23Z,20260926T013723Z
021528,财通成长优选混合C,2026-07-15,4.7990,4.7990,-3.71,限制大额申购,开放赎回,天天基金lsjz,2026-09-26T01:37:23Z,20260926T013723Z
021528,财通成长优选混合C,2026-07-16,4.6280,4.6280,-3.56,限制大额申购,开放赎回,天天基金lsjz,2026-09-26T01:37:23Z,20260926T013723Z
021528,财通成长优选混合C,2026-07-17,4.1830,4.1830,-9.62,限制大额申购,开放赎回,天天基金lsjz,2026-09-26T01:37:23Z,20260926T013723Z
021528,财通成长优选混合C,2026-07-20,3.8050,3.8050,-9.04,限制大额申购,开放赎回,天天基金lsjz,2026-09-26T01:37:23Z,20260926T013723Z
021528,财通成长优选混合C,2026-07-21,4.1620,4.1620,9.38,限制大额申购,开放赎回,天天基金lsjz,2026-09-26T01:37:23Z,20260926T013723Z
021528,财通成长优选混合C,2026-07-22,3.9440,3.9440,-5.24,开放申购,开放赎回,天天基金lsjz,2026-09-26T01:37:23Z,20260926T013723Z
021528,财通成长优选混合C,2026-07-23,3.9620,3.9620,0.46,开放申购,开放赎回,天天基金lsjz,2026-09-26T01:37:23Z,20260926T013723Z
021528,财通成长优选混合C,2026-07-24,3.8520,3.8520,-2.78,开放申购,开放赎回,天天基金lsjz,2026-09-26T01:37:23Z,20260926T013723Z
021528,财通成长优选混合C,2026-07-27,4.0800,4.0800,5.92,开放申购,开放赎回,天天基金lsjz,2026-09-26T01:37:23Z,20260926T013723Z
021528,财通成长优选混合C,2026-07-28,3.6580,3.6580,-10.34,开放申购,开放赎回,天天基金lsjz,2026-09-26T01:37:23Z,20260926T013723Z
021528,财通成长优选混合C,2026-07-29,3.7180,3.7180,1.64,开放申购,开放赎回,天天基金lsjz,2026-09-26T01:37:23Z,20260926T013723Z
021528,财通成长优选混合C,2026-07-30,3.4890,3.4890,-6.16,开放申购,开放赎回,天天基金lsjz,2026-09-26T01:37:23Z,20260926T013723Z
021528,财通成长优选混合C,2026-07-31,3.6460,3.6460,4.50,开放申购,开放赎回,天天基金lsjz,2026-09-26T01:37:23Z,20260926T013723Z
021528,财通成长优选混合C,2026-08-03,3.5720,3.5720,-2.03,开放申购,开放赎回,天天基金lsjz,2026-09-26T01:37:23Z,20260926T013723Z
021528,财通成长优选混合C,2026-08-04,3.9240,3.9240,9.85,开放申购,开放赎回,天天基金lsjz,2026-09-26T01:37:23Z,20260926T013723Z
021528,财通成长优选混合C,2026-08-05,4.0980,4.0980,4.43,开放申购,开放赎回,天天基金lsjz,2026-09-26T01:37:23Z,20260926T013723Z
021528,财通成长优选混合C,2026-08-06,4.1730,4.1730,1.83,开放申购,开放赎回,天天基金lsjz,2026-09-26T01:37:23Z,20260926T013723Z
021528,财通成长优选混合C,2026-08-07,4.3460,4.3460,4.15,开放申购,开放赎回,天天基金lsjz,2026-09-26T01:37:23Z,20260926T013723Z
021528,财通成长优选混合C,2026-08-10,4.3400,4.3400,-0.14,开放申购,开放赎回,天天基金lsjz,2026-09-26T01:37:23Z,20260926T013723Z
021528,财通成长优选混合C,2026-08-11,4.3270,4.3270,-0.30,开放申购,开放赎回,天天基金lsjz,2026-09-26T01:37:23Z,20260926T013723Z
021528,财通成长优选混合C,2026-08-12,4.4310,4.4310,2.40,开放申购,开放赎回,天天基金lsjz,2026-09-26T01:37:23Z,20260926T013723Z
021528,财通成长优选混合C,2026-08-13,4.3900,4.3900,-0.93,开放申购,开放赎回,天天基金lsjz,2026-09-26T01:37:23Z,20260926T013723Z
021528,财通成长优选混合C,2026-08-14,4.5010,4.5010,2.53,开放申购,开放赎回,天天基金lsjz,2026-09-26T01:37:23Z,20260926T013723Z
021528,财通成长优选混合C,2026-08-17,4.6900,4.6900,4.20,开放申购,开放赎回,天天基金lsjz,2026-09-26T01:37:23Z,20260926T013723Z
021528,财通成长优选混合C,2026-08-18,4.6400,4.6400,-1.07,开放申购,开放赎回,天天基金lsjz,2026-09-26T01:37:23Z,20260926T013723Z
021528,财通成长优选混合C,2026-08-19,4.2590,4.2590,-8.21,开放申购,开放赎回,天天基金lsjz,2026-09-26T01:37:23Z,20260926T013723Z
021528,财通成长优选混合C,2026-08-20,4.2740,4.2740,0.35,开放申购,开放赎回,天天基金lsjz,2026-09-26T01:37:23Z,20260926T013723Z
021528,财通成长优选混合C,2026-08-21,4.3480,4.3480,1.73,开放申购,开放赎回,天天基金lsjz,2026-09-26T01:37:23Z,20260926T013723Z
021528,财通成长优选混合C,2026-08-24,4.1300,4.1300,-5.01,开放申购,开放赎回,天天基金lsjz,2026-09-26T01:37:23Z,20260926T013723Z
021528,财通成长优选混合C,2026-08-25,4.1190,4.1190,-0.27,开放申购,开放赎回,天天基金lsjz,2026-09-26T01:37:23Z,20260926T013723Z
021528,财通成长优选混合C,2026-08-26,4.0870,4.0870,-0.78,开放申购,开放赎回,天天基金lsjz,2026-09-26T01:37:23Z,20260926T013723Z
021528,财通成长优选混合C,2026-08-27,4.2720,4.2720,4.53,开放申购,开放赎回,天天基金lsjz,2026-09-26T01:37:23Z,20260926T013723Z
021528,财通成长优选混合C,2026-08-28,4.1960,4.1960,-1.78,开放申购,开放赎回,天天基金lsjz,2026-09-26T01:37:23Z,20260926T013723Z
021528,财通成长优选混合C,2026-08-31,4.2790,4.2790,1.98,开放申购,开放赎回,天天基金lsjz,2026-09-26T01:37:23Z,20260926T013723Z
021528,财通成长优选混合C,2026-09-01,4.1050,4.1050,-4.07,开放申购,开放赎回,天天基金lsjz,2026-09-26T01:37:23Z,20260926T013723Z
021528,财通成长优选混合C,2026-09-02,4.0340,4.0340,-1.73,开放申购,开放赎回,天天基金lsjz,2026-09-26T01:37:23Z,20260926T013723Z
021528,财通成长优选混合C,2026-09-03,4.0410,4.0410,0.17,开放申购,开放赎回,天天基金lsjz,2026-09-26T01:37:23Z,20260926T013723Z
021528,财通成长优选混合C,2026-09-04,3.9290,3.9290,-2.77,开放申购,开放赎回,天天基金lsjz,2026-09-26T01:37:23Z,20260926T013723Z
021528,财通成长优选混合C,2026-09-07,4.2570,4.2570,8.35,开放申购,开放赎回,天天基金lsjz,2026-09-26T01:37:23Z,20260926T013723Z
021528,财通成长优选混合C,2026-09-08,4.2420,4.2420,-0.35,开放申购,开放赎回,天天基金lsjz,2026-09-26T01:37:23Z,20260926T013723Z
021528,财通成长优选混合C,2026-09-09,4.2550,4.2550,0.31,开放申购,开放赎回,天天基金lsjz,2026-09-26T01:37:23Z,20260926T013723Z
021528,财通成长优选混合C,2026-09-10,4.2770,4.2770,0.52,开放申购,开放赎回,天天基金lsjz,2026-09-26T01:37:23Z,20260926T013723Z
021528,财通成长优选混合C,2026-09-11,4.3330,4.3330,1.31,开放申购,开放赎回,天天基金lsjz,2026-09-26T01:37:23Z,20260926T013723Z
021528,财通成长优选混合C,2026-09-14,4.3000,4.3000,-0.76,开放申购,开放赎回,天天基金lsjz,2026-09-26T01:37:23Z,20260926T013723Z
021528,财通成长优选混合C,2026-09-15,4.3330,4.3330,0.77,开放申购,开放赎回,天天基金lsjz,2026-09-26T01:37:23Z,20260926T013723Z
021528,财通成长优选混合C,2026-09-16,4.4830,4.4830,3.46,开放申购,开放赎回,天天基金lsjz,2026-09-26T01:37:23Z,20260926T013723Z
021528,财通成长优选混合C,2026-09-17,4.4190,4.4190,-1.43,开放申购,开放赎回,天天基金lsjz,2026-09-26T01:37:23Z,20260926T013723Z
021528,财通成长优选混合C,2026-09-18,4.5470,4.5470,2.90,开放申购,开放赎回,天天基金lsjz,2026-09-26T01:37:23Z,20260926T013723Z
021528,财通成长优选混合C,2026-09-21,4.5300,4.5300,-0.37,开放申购,开放赎回,天天基金lsjz,2026-09-26T01:37:23Z,20260926T013723Z
021528,财通成长优选混合C,2026-09-22,4.4780,4.4780,-1.15,开放申购,开放赎回,天天基金lsjz,2026-09-26T01:37:23Z,20260926T013723Z
021528,财通成长优选混合C,2026-09-23,4.4730,4.4730,-0.11,开放申购,开放赎回,天天基金lsjz,2026-09-26T01:37:23Z,20260926T013723Z
021528,财通成长优选混合C,2026-09-24,4.3060,4.3060,-3.73,开放申购,开放赎回,天天基金lsjz,2026-09-26T01:37:23Z,20260926T013723Z
